model,horizon,span,band,n,origins,mae_pct,coverage,width,interval_score
no_change,1,2018Q1,online,13938,34,2.2527086060019865,0.8532070598364184,0.07539089625985045,0.12840186557967312
no_change,1,2022Q1,online,7378,18,2.3043222589226358,0.9090539441583085,0.10016788306812427,0.132276957045324
no_change,1,2022Q1,static,7378,18,2.3043222589226358,0.8786934128490106,0.08147490116359145,0.1215745264256222
no_change,2,2018Q1,online,13938,34,3.8771136488562146,0.8621036016645143,0.1756321560395729,0.2602454086491187
no_change,2,2022Q1,online,7378,18,3.7163672460087587,0.9989156953103823,0.27893303606361486,0.27906682774686054
no_change,2,2022Q1,static,7378,18,3.7163672460087587,0.9194903767958796,0.14078359702340482,0.1720805123662333
no_change,4,2018Q1,online,13938,34,7.456410514782613,0.7841871143636103,0.34214528630850344,0.609799936347401
no_change,4,2022Q1,online,7378,18,7.660592997025248,0.8473841149362971,0.5683054542293502,0.8152527329703154
no_change,4,2022Q1,static,7378,18,7.660592997025248,0.8620222282461372,0.20761216746281866,0.331547085043952
no_change,8,2018Q1,online,13938,34,15.487573261299548,0.6960826517434352,0.49111283344056567,1.0639303987344007
no_change,8,2022Q1,online,7378,18,18.054345566788314,0.6195445920303605,0.7681397234175655,1.640043242015498
no_change,8,2022Q1,static,7378,18,18.054345566788314,0.6694226077527785,0.25025080251694726,0.7689804122953464
momentum,1,2018Q1,online,13938,34,1.7231902688459473,0.849117520447697,0.06458174160827601,0.11111794260872636
momentum,1,2022Q1,online,7378,18,2.101910686976233,0.8258335592301437,0.07524141273734596,0.1371279066615545
momentum,1,2022Q1,static,7378,18,2.101910686976233,0.7619951206288967,0.060290248010099426,0.1468842270479731
momentum,2,2018Q1,online,13938,34,2.5705606378179833,0.8466063997704119,0.1344716290236555,0.21942515030811477
momentum,2,2022Q1,online,7378,18,2.943806163246689,0.8956356736242884,0.19616039678224576,0.26812439169159596
momentum,2,2022Q1,static,7378,18,2.943806163246689,0.8384386012469504,0.10316142833757326,0.20235696816427146
momentum,4,2018Q1,online,13938,34,4.819478604939884,0.7841871143636103,0.16618948782298673,0.3595857052045732
momentum,4,2022Q1,online,7378,18,5.885882509513564,0.7666034155597723,0.20953720471650497,0.42808434759442654
momentum,4,2022Q1,static,7378,18,5.885882509513564,0.8094334507996747,0.18698318787282103,0.3572611236099453
momentum,8,2018Q1,online,13938,34,10.94460563425245,0.7526904864399483,0.29795627708666894,0.6944900061169726
momentum,8,2022Q1,online,7378,18,15.558121607811373,0.6015180265654649,0.32066136458945776,1.021540360002398
momentum,8,2022Q1,static,7378,18,15.558121607811373,0.5195174844131201,0.23492347976161188,1.112474673448341
metro_mean,1,2018Q1,online,13938,34,1.820736376432618,0.858301047496054,0.08312393980989846,0.1329641593562319
metro_mean,1,2022Q1,online,7378,18,2.02464502451641,0.9272160477094064,0.11236675444019088,0.1371787665810804
metro_mean,1,2022Q1,static,7378,18,2.02464502451641,0.8866901599349417,0.08605755469736731,0.12393075718452069
metro_mean,2,2018Q1,online,13938,34,2.8082698057066566,0.8314679294016358,0.16310764887850165,0.2654000874716659
metro_mean,2,2022Q1,online,7378,18,2.9037272617707184,0.9422607752778531,0.24401966927551372,0.2660578865798967
metro_mean,2,2022Q1,static,7378,18,2.9037272617707184,0.9234209812957441,0.15230308173913193,0.18136185676215208
metro_mean,4,2018Q1,online,13938,34,4.710831941610732,0.7729946907734252,0.30702663286538545,0.6026052498256524
metro_mean,4,2022Q1,online,7378,18,5.130428219508361,0.813228517213337,0.47124972432202483,0.766948658667554
metro_mean,4,2022Q1,static,7378,18,5.130428219508361,0.8683925182976416,0.2397785874094676,0.3550584857955507
metro_mean,8,2018Q1,online,13938,34,9.333484148028719,0.6863969005596212,0.5714627101024637,1.1280879927835947
metro_mean,8,2022Q1,online,7378,18,11.820198549976126,0.6543778801843319,0.8872678764654474,1.6881079720202783
metro_mean,8,2022Q1,static,7378,18,11.820198549976126,0.6829764163730008,0.32190290624436096,0.822076860855959
ridge,1,2018Q1,online,13938,34,1.5819492920773812,0.8670540967140192,0.06791461574483235,0.10590595576786364
ridge,1,2022Q1,online,7378,18,1.8901699634764555,0.8960422878828951,0.08915791776005888,0.1239295578671668
ridge,1,2022Q1,static,7378,18,1.8901699634764555,0.791949037679588,0.05847130573012786,0.12811318545047495
ridge,2,2018Q1,online,13938,34,2.3382469479913524,0.8402209786196011,0.12672577622635844,0.21345596530540686
ridge,2,2022Q1,online,7378,18,2.601463086909629,0.9015993494171862,0.18945747183753212,0.25118545961275257
ridge,2,2022Q1,static,7378,18,2.601463086909629,0.8593114665220927,0.09953890867276552,0.17913123379007226
ridge,4,2018Q1,online,13938,34,4.5703992932583555,0.8053522743578706,0.2234171497089235,0.42867019118310445
ridge,4,2022Q1,online,7378,18,5.652424693116842,0.8559230143670371,0.35419690959948835,0.5213771811897304
ridge,4,2022Q1,static,7378,18,5.652424693116842,0.794388723231228,0.18002843541041955,0.35277475121296714
ridge,8,2018Q1,online,13938,34,8.076806160006495,0.7199741713301765,0.4306496146679517,0.8938458559704326
ridge,8,2022Q1,online,7378,18,11.035783127088797,0.6568175657359718,0.6929419089159197,1.3840937085616818
ridge,8,2022Q1,static,7378,18,11.035783127088797,0.5893195988072648,0.19612709866842032,0.7516387312027315
gbm,1,2018Q1,online,13938,34,1.6132176223953087,0.8946046778590903,0.07242934450237408,0.09323730942985696
gbm,1,2022Q1,online,7378,18,1.9966921915186941,0.9273515857956086,0.09966458030251528,0.11975654332303098
gbm,1,2022Q1,static,7378,18,1.9966921915186941,0.7861208999728924,0.05841225931772092,0.119416022792385
gbm,2,2018Q1,online,13938,34,2.4345680324003847,0.8707849045774143,0.09483080348971006,0.15021322369843676
gbm,2,2022Q1,online,7378,18,2.8692482615535018,0.9003795066413662,0.11825838376603,0.16316632767721007
gbm,2,2022Q1,static,7378,18,2.8692482615535018,0.888045540796964,0.1055274535182049,0.1553642202668805
gbm,4,2018Q1,online,13938,34,4.161316088174903,0.8216386856076912,0.25321520717766677,0.37438862126963074
gbm,4,2022Q1,online,7378,18,4.84159409118371,0.9226077527785308,0.41371661994900794,0.477243105294918
gbm,4,2022Q1,static,7378,18,4.84159409118371,0.8711032800216861,0.15987557293056356,0.22895660875554802
gbm,8,2018Q1,online,13938,34,8.933430487982314,0.7583584445401061,0.45672997321747666,0.7767761020330458
gbm,8,2022Q1,online,7378,18,12.01519765902015,0.74695039306045,0.6958397806215502,1.1176044688688358
gbm,8,2022Q1,static,7378,18,12.01519765902015,0.7287882895093521,0.22264844707857528,0.5209518574574745
windowmlp,1,2018Q1,online,13938,34,1.803490602983377,0.8453867125843019,0.06866710344588121,0.11423419899285377
windowmlp,1,2022Q1,online,7378,18,2.003747591771027,0.8820818650040662,0.08679498750889753,0.12262328631385176
windowmlp,1,2022Q1,static,7378,18,2.003747591771027,0.8412849010571971,0.07264315526426045,0.12126151777641819
windowmlp,2,2018Q1,online,13938,34,2.8183569240813737,0.8544984933275936,0.14620023862830464,0.22129402372273183
windowmlp,2,2022Q1,online,7378,18,2.822781901409501,0.9972892382759555,0.22017738096972547,0.22090598575579798
windowmlp,2,2022Q1,static,7378,18,2.822781901409501,0.9255895906749797,0.12996505061416957,0.158302621793186
windowmlp,4,2018Q1,online,13938,34,5.24998677288824,0.7896398335485723,0.3038122874527427,0.520343457249401
windowmlp,4,2022Q1,online,7378,18,5.340669145655373,0.8987530496069396,0.4852208117095804,0.6018937944314152
windowmlp,4,2022Q1,static,7378,18,5.340669145655373,0.9236920574681485,0.23672860222102407,0.2848790833981131
windowmlp,8,2018Q1,online,13938,34,11.119062063195255,0.6830248242215526,0.6667015793685755,1.1683654533342809
windowmlp,8,2022Q1,online,7378,18,13.127964290682588,0.7568446733532123,1.1122581759500283,1.7046066521844563
windowmlp,8,2022Q1,static,7378,18,13.127964290682588,0.7183518568717809,0.30617796303893724,0.7776823606906071
seqgru,1,2018Q1,online,13938,34,1.7001114248463594,0.8659779021380399,0.0719073331283865,0.11265958863239953
seqgru,1,2022Q1,online,7378,18,1.97720553117452,0.9120357820547574,0.09712919282698937,0.12252204994437053
seqgru,1,2022Q1,static,7378,18,1.97720553117452,0.8346435348332881,0.0698983148463029,0.12133176645000084
seqgru,2,2018Q1,online,13938,34,2.5220228967980534,0.8683455302051944,0.16026282349872756,0.22776917704421779
seqgru,2,2022Q1,online,7378,18,2.7359984177335273,0.99878015722418,0.257599175163543,0.25790914903079076
seqgru,2,2022Q1,static,7378,18,2.7359984177335273,0.8984819734345351,0.1168850254119513,0.1607158846002398
seqgru,4,2018Q1,online,13938,34,4.167458636174415,0.7953077916487301,0.3080282838877494,0.5350268134571632
seqgru,4,2022Q1,online,7378,18,4.854603411361666,0.8835727839522906,0.526694793182284,0.6944723754099151
seqgru,4,2022Q1,static,7378,18,4.854603411361666,0.8529411764705882,0.18672325818398783,0.287025328784431
seqgru,8,2018Q1,online,13938,34,8.263144247307656,0.7205481417706988,0.4570907675029435,0.9652872096034425
seqgru,8,2022Q1,online,7378,18,11.492074502126542,0.6482786663052318,0.7352176858758962,1.5077375004337614
seqgru,8,2022Q1,static,7378,18,11.492074502126542,0.5731905665492003,0.20130247255500963,0.8073354997826078
ensemble,1,2018Q1,online,13938,34,1.6104610728601976,0.8493327593628928,0.061825972329094696,0.10731613143363038
ensemble,1,2022Q1,online,7378,18,1.8845296112788688,0.8584982380048793,0.07596055870239099,0.12186585565160488
ensemble,1,2022Q1,static,7378,18,1.8845296112788688,0.8167525074545947,0.06344934147851279,0.12168274737880115
ensemble,2,2018Q1,online,13938,34,2.3914197244644217,0.8413689195006457,0.11978060575049551,0.20002591394296948
ensemble,2,2022Q1,online,7378,18,2.6000401892226788,0.9240986717267552,0.1781749533845097,0.21270414178487246
ensemble,2,2022Q1,static,7378,18,2.6000401892226788,0.8800487937110328,0.10705294854876368,0.16573489879950126
ensemble,4,2018Q1,online,13938,34,4.325180587452036,0.8032716315109771,0.29983065725163444,0.5149898169840658
ensemble,4,2022Q1,online,7378,18,5.181334517194529,0.886825698021144,0.5082787797148185,0.6656943660129463
ensemble,4,2022Q1,static,7378,18,5.181334517194529,0.8286798590403903,0.18288631909147576,0.31130085950823766
ensemble,8,2018Q1,online,13938,34,8.146459323100267,0.7189697230592624,0.44094371949884653,0.9307797135595475
ensemble,8,2022Q1,online,7378,18,11.241846447250351,0.6526158850637029,0.7117022937154324,1.4479782931054317
ensemble,8,2022Q1,static,7378,18,11.241846447250351,0.5817294659799404,0.19802940696317056,0.7782313909395158
