model,horizon,gamma,window,scaled,tune_interval_score
no_change,1,0.05,40,True,0.07854749199624102
no_change,2,0.05,16,True,0.11468869528941711
no_change,4,0.05,16,True,0.1962868135563945
no_change,8,0.05,16,True,0.46558132582666184
momentum,1,0.0,40,True,0.07591639632242511
momentum,2,0.05,40,True,0.10312779013803436
momentum,4,0.0,40,True,0.18379156057500132
momentum,8,0.0,16,True,0.42646789484502545
metro_mean,1,0.05,40,True,0.07753865550261041
metro_mean,2,0.05,40,True,0.11450175652706397
metro_mean,4,0.05,40,True,0.1969999707868097
metro_mean,8,0.05,16,True,0.4315461095177416
ridge,1,0.05,40,True,0.07010942281642235
ridge,2,0.05,40,True,0.09175358150780843
ridge,4,0.05,16,True,0.15223238837823974
ridge,8,0.05,16,True,0.3588138845440544
gbm,1,0.05,16,True,0.06569329912298028
gbm,2,0.0,16,True,0.10438628805838841
gbm,4,0.05,16,True,0.15969016296619606
gbm,8,0.05,16,True,0.46758821103873144
windowmlp,1,0.05,40,True,0.0707158376081725
windowmlp,2,0.05,40,True,0.09254687846488471
windowmlp,4,0.01,16,True,0.14740551003631025
windowmlp,8,0.05,16,True,0.32113449387279275
seqgru,1,0.05,40,True,0.07113710078837733
seqgru,2,0.05,16,True,0.09630352179374473
seqgru,4,0.05,16,True,0.1534239885124249
seqgru,8,0.05,16,True,0.37741961646223215
ensemble,1,0.05,40,True,0.06965841480626421
ensemble,2,0.05,40,True,0.09072908431143765
ensemble,4,0.05,16,True,0.1519262154884162
ensemble,8,0.05,16,True,0.36350109996772667
