horizon,origins,samples,difference,statistic,p_value,model,against,span
1,34,13938,-0.5459886548554891,-4.057191747369108,0.0002859532360866611,seqgru,no_change,2018Q1
2,34,13938,-1.3280888784488574,-3.5433027897179663,0.0012041436173993085,seqgru,no_change,2018Q1
4,34,13938,-3.2301629168365023,-4.654436520107745,5.087926986421008e-05,seqgru,no_change,2018Q1
8,34,13938,-7.284298517293336,-4.132810542746992,0.00023042716585197086,seqgru,no_change,2018Q1
1,34,13938,-0.05519523898077692,-0.6877828985994968,0.49639573537741327,seqgru,momentum,2018Q1
2,34,13938,-0.13242096388888444,-0.644342487764611,0.5238072573267365,seqgru,momentum,2018Q1
4,34,13938,-0.8813846414434899,-1.5209167292302053,0.13780574463621129,seqgru,momentum,2018Q1
8,34,13938,-3.256348406382171,-1.6433848580078747,0.10979903115238179,seqgru,momentum,2018Q1
1,34,13938,-0.11368607514968705,-1.5114426658093476,0.14019359239224985,seqgru,metro_mean,2018Q1
2,34,13938,-0.25713481659163706,-1.0947331095448136,0.28155974250786675,seqgru,metro_mean,2018Q1
4,34,13938,-0.4740714686172358,-0.9607038735198066,0.343687866268544,seqgru,metro_mean,2018Q1
8,34,13938,-1.0990544961433357,-0.8403358350873938,0.40676765587113073,seqgru,metro_mean,2018Q1
1,34,13938,0.11081801606477529,1.6203376769242073,0.11467794138953163,seqgru,ridge,2018Q1
2,34,13938,0.18941228008895525,1.0567163215185174,0.2983158692112646,seqgru,ridge,2018Q1
4,34,13938,-0.46983169674159514,-0.9516363489712607,0.3481999378337327,seqgru,ridge,2018Q1
8,34,13938,0.16275952751546843,0.7507242658112936,0.4581386241934381,seqgru,ridge,2018Q1
1,34,13938,0.10797373235227038,1.1828432096854076,0.2453234390833523,seqgru,gbm,2018Q1
2,34,13938,0.19270391866813463,0.8464257916922421,0.40341167181623727,seqgru,gbm,2018Q1
4,34,13938,0.034989793644479496,0.08868537619283588,0.9298679909749069,seqgru,gbm,2018Q1
8,34,13938,0.08826754802015355,0.1028108997089013,0.9187352900338641,seqgru,gbm,2018Q1
1,34,13938,-0.09838475124159086,-2.3575612830585295,0.024477054220876725,seqgru,windowmlp,2018Q1
2,34,13938,-0.2688298874382391,-2.1592720197059863,0.03819514799140736,seqgru,windowmlp,2018Q1
4,34,13938,-0.9508383491033858,-2.4151967954668083,0.021427689912424015,seqgru,windowmlp,2018Q1
8,34,13938,-2.5879501744083657,-2.185175123525456,0.03607999520819973,seqgru,windowmlp,2018Q1
1,34,13938,0.08790206374109598,2.4322976715976083,0.020591865891135028,seqgru,ensemble,2018Q1
2,34,13938,0.14488523542400578,1.466888504206138,0.15187246206304578,seqgru,ensemble,2018Q1
4,34,13938,-0.1744658254456234,-0.7373539387472344,0.4661179155416591,seqgru,ensemble,2018Q1
8,34,13938,0.11045653736168812,1.0525940407713708,0.3001738385416842,seqgru,ensemble,2018Q1
1,18,7378,-0.3205575559520683,-1.4710933492085874,0.15953424312108055,seqgru,no_change,2022Q1
2,18,7378,-0.9624337341595864,-1.4867487710110276,0.15539270669058686,seqgru,no_change,2022Q1
4,18,7378,-2.742600944259156,-2.132650175406005,0.0478306122208408,seqgru,no_change,2022Q1
8,18,7378,-6.588955125103004,-1.6721063070413646,0.11280608210450384,seqgru,no_change,2022Q1
1,18,7378,-0.15085667876176045,-1.1554252730243757,0.26389834888624497,seqgru,momentum,2022Q1
2,18,7378,-0.2821828472388421,-0.8010026126525659,0.434183121699486,seqgru,momentum,2022Q1
4,18,7378,-1.221664580509316,-1.0946768674722644,0.28892612039671367,seqgru,momentum,2022Q1
8,18,7378,-4.642452194392609,-1.1166036115824198,0.27969795032479533,seqgru,momentum,2022Q1
1,18,7378,-0.04090481044340102,-0.3157011796921556,0.7560721304017419,seqgru,metro_mean,2022Q1
2,18,7378,-0.1489375324837611,-0.34941107934030946,0.7310715390940707,seqgru,metro_mean,2022Q1
4,18,7378,-0.20767816583071672,-0.21632667890300605,0.8313076692627847,seqgru,metro_mean,2022Q1
8,18,7378,-0.33307327624996813,-0.11523681538734055,0.9096076369636255,seqgru,metro_mean,2022Q1
1,18,7378,0.08357802293961135,0.7193675374133863,0.4816874380920383,seqgru,ridge,2022Q1
2,18,7378,0.12379163781505187,0.4002181780754493,0.6939801979686226,seqgru,ridge,2022Q1
4,18,7378,-0.8665102379968135,-0.9003454023559261,0.3805142182426414,seqgru,ridge,2022Q1
8,18,7378,0.42064412496451165,1.3665078165699054,0.1895827808375565,seqgru,ridge,2022Q1
1,18,7378,0.04990861861056738,0.39881157247017146,0.6949969204988432,seqgru,gbm,2022Q1
2,18,7378,0.09695372162476597,0.3034537173240114,0.7652264764509109,seqgru,gbm,2022Q1
4,18,7378,0.18644871471406688,0.27402892150178254,0.7873642336972417,seqgru,gbm,2022Q1
8,18,7378,1.0091054467027827,1.0055874964964224,0.32871369082719615,seqgru,gbm,2022Q1
1,18,7378,-0.027820204131068522,-0.44004116977727514,0.6654507590039209,seqgru,windowmlp,2022Q1
2,18,7378,-0.08785822951685167,-0.4970356661475289,0.6255305102361997,seqgru,windowmlp,2022Q1
4,18,7378,-0.47189341649310257,-0.7786321703372452,0.44689971124879607,seqgru,windowmlp,2022Q1
8,18,7378,-1.7407253998206214,-0.7551479977206503,0.4604951851214866,seqgru,windowmlp,2022Q1
1,18,7378,0.09205684862296391,1.48339580794804,0.15627215043172865,seqgru,ensemble,2022Q1
2,18,7378,0.14937775947440143,0.8611984121270926,0.40111286680246333,seqgru,ensemble,2022Q1
4,18,7378,-0.33768921821061976,-0.7178832356723847,0.48257891648831397,seqgru,ensemble,2022Q1
8,18,7378,0.23609917595090846,1.5637611836736975,0.13629683608836166,seqgru,ensemble,2022Q1
