cbsa_code,metric,period,value
10180,fmr_2br,2019,822.0
10180,fmr_2br,2024,1117.0
10180,fmr_2br,2027,1310.0
10420,fmr_2br,2019,810.0
10420,fmr_2br,2024,1039.0
10420,fmr_2br,2027,1231.0
10500,fmr_2br,2019,682.0
10500,fmr_2br,2024,997.0
10500,fmr_2br,2027,1103.0
10540,fmr_2br,2019,1006.0
10540,fmr_2br,2024,1384.0
10540,fmr_2br,2027,1726.0
10580,fmr_2br,2019,1115.0
10580,fmr_2br,2024,1374.0
10580,fmr_2br,2027,1711.0
10740,fmr_2br,2019,877.0
10740,fmr_2br,2024,1222.0
10740,fmr_2br,2027,1384.0
10780,fmr_2br,2019,777.0
10780,fmr_2br,2024,995.0
10780,fmr_2br,2027,995.0
10900,fmr_2br,2019,1129.0
10900,fmr_2br,2024,1426.0
10900,fmr_2br,2027,1839.0
11020,fmr_2br,2019,796.0
11020,fmr_2br,2024,993.0
11020,fmr_2br,2027,1151.0
11100,fmr_2br,2019,849.0
11100,fmr_2br,2024,1082.0
11100,fmr_2br,2027,1107.0
11180,fmr_2br,2019,917.0
11180,fmr_2br,2024,1033.0
11180,fmr_2br,2027,1061.0
11200,fmr_2br,2019,1061.0
11200,fmr_2br,2024,1375.0
11200,fmr_2br,2027,2034.0
11244,fmr_2br,2019,2037.0
11244,fmr_2br,2024,2783.0
11244,fmr_2br,2027,3057.0
11260,fmr_2br,2019,1313.0
11260,fmr_2br,2024,1454.0
11260,fmr_2br,2027,1529.0
11460,fmr_2br,2019,1140.0
11460,fmr_2br,2024,1471.0
11460,fmr_2br,2027,1804.0
11500,fmr_2br,2019,676.0
11500,fmr_2br,2024,903.0
11500,fmr_2br,2027,1010.0
11540,fmr_2br,2019,774.0
11540,fmr_2br,2024,983.0
11540,fmr_2br,2027,1256.0
11694,fmr_2br,2019,1629.0
11694,fmr_2br,2024,2000.0
11694,fmr_2br,2027,2388.0
11700,fmr_2br,2019,993.0
11700,fmr_2br,2024,1680.0
11700,fmr_2br,2027,1866.0
12020,fmr_2br,2019,785.0
12020,fmr_2br,2024,1169.0
12020,fmr_2br,2027,1285.0
12054,fmr_2br,2019,1100.0
12054,fmr_2br,2024,1830.0
12054,fmr_2br,2027,1748.0
12100,fmr_2br,2019,1279.0
12100,fmr_2br,2024,1670.0
12100,fmr_2br,2027,1899.0
12220,fmr_2br,2019,814.0
12220,fmr_2br,2024,1099.0
12220,fmr_2br,2027,1277.0
12260,fmr_2br,2019,836.0
12260,fmr_2br,2024,1100.0
12260,fmr_2br,2027,1329.0
12420,fmr_2br,2019,1315.0
12420,fmr_2br,2024,1924.0
12420,fmr_2br,2027,1817.0
12540,fmr_2br,2019,926.0
12540,fmr_2br,2024,1258.0
12540,fmr_2br,2027,1656.0
12580,fmr_2br,2019,1342.0
12580,fmr_2br,2024,1943.0
12580,fmr_2br,2027,2006.0
12620,fmr_2br,2019,951.0
12620,fmr_2br,2024,1165.0
12620,fmr_2br,2027,1637.0
12700,fmr_2br,2019,1524.0
12700,fmr_2br,2024,2082.0
12700,fmr_2br,2027,2488.0
12940,fmr_2br,2019,981.0
12940,fmr_2br,2024,1277.0
12940,fmr_2br,2027,1149.0
12980,fmr_2br,2019,757.0
12980,fmr_2br,2024,1038.0
12980,fmr_2br,2027,1233.0
13020,fmr_2br,2019,771.0
13020,fmr_2br,2024,937.0
13020,fmr_2br,2027,1055.0
13140,fmr_2br,2019,920.0
13140,fmr_2br,2024,1126.0
13140,fmr_2br,2027,1218.0
13220,fmr_2br,2019,705.0
13220,fmr_2br,2024,907.0
13220,fmr_2br,2027,968.0
13380,fmr_2br,2019,1058.0
13380,fmr_2br,2024,1571.0
13380,fmr_2br,2027,1872.0
13460,fmr_2br,2019,1071.0
13460,fmr_2br,2024,1623.0
13460,fmr_2br,2027,1893.0
13740,fmr_2br,2019,900.0
13740,fmr_2br,2024,1148.0
13740,fmr_2br,2027,1432.0
13780,fmr_2br,2019,830.0
13780,fmr_2br,2024,1141.0
13780,fmr_2br,2027,1219.0
13820,fmr_2br,2019,873.0
13820,fmr_2br,2024,1245.0
13820,fmr_2br,2027,1375.0
13900,fmr_2br,2019,863.0
13900,fmr_2br,2024,955.0
13900,fmr_2br,2027,1067.0
13980,fmr_2br,2019,869.0
13980,fmr_2br,2024,1261.0
13980,fmr_2br,2027,1340.0
14010,fmr_2br,2024,1103.0
14010,fmr_2br,2027,1287.0
14020,fmr_2br,2019,918.0
14020,fmr_2br,2024,1096.0
14020,fmr_2br,2027,1220.0
14260,fmr_2br,2019,872.0
14260,fmr_2br,2024,1388.0
14260,fmr_2br,2027,1540.0
14454,fmr_2br,2019,1846.0
14454,fmr_2br,2024,2713.0
14454,fmr_2br,2027,2929.0
14500,fmr_2br,2019,1516.0
14500,fmr_2br,2024,2217.0
14500,fmr_2br,2027,2033.0
14540,fmr_2br,2019,781.0
14540,fmr_2br,2024,1104.0
14540,fmr_2br,2027,1199.0
14580,fmr_2br,2019,898.0
14580,fmr_2br,2024,1275.0
14580,fmr_2br,2027,2109.0
14740,fmr_2br,2019,1204.0
14740,fmr_2br,2024,2049.0
14740,fmr_2br,2027,1967.0
14860,fmr_2br,2019,1593.0
14860,fmr_2br,2024,2278.0
14860,fmr_2br,2027,2399.0
15180,fmr_2br,2019,718.0
15180,fmr_2br,2024,965.0
15180,fmr_2br,2027,1042.0
15260,fmr_2br,2019,793.0
15260,fmr_2br,2024,1137.0
15260,fmr_2br,2027,1378.0
15380,fmr_2br,2019,838.0
15380,fmr_2br,2024,1163.0
15380,fmr_2br,2027,1423.0
15500,fmr_2br,2019,812.0
15500,fmr_2br,2024,1215.0
15500,fmr_2br,2027,1348.0
15540,fmr_2br,2019,1341.0
15540,fmr_2br,2024,1887.0
15540,fmr_2br,2027,2165.0
15764,fmr_2br,2019,1781.0
15764,fmr_2br,2024,2601.0
15764,fmr_2br,2027,2843.0
15804,fmr_2br,2019,1200.0
15804,fmr_2br,2024,1737.0
15804,fmr_2br,2027,1860.0
15940,fmr_2br,2019,775.0
15940,fmr_2br,2024,905.0
15940,fmr_2br,2027,1049.0
15980,fmr_2br,2019,1039.0
15980,fmr_2br,2024,1677.0
15980,fmr_2br,2027,1835.0
16020,fmr_2br,2019,748.0
16020,fmr_2br,2024,933.0
16020,fmr_2br,2027,1012.0
16180,fmr_2br,2019,862.0
16180,fmr_2br,2024,1359.0
16180,fmr_2br,2027,1453.0
16220,fmr_2br,2019,846.0
16220,fmr_2br,2024,1070.0
16220,fmr_2br,2027,1045.0
16300,fmr_2br,2019,812.0
16300,fmr_2br,2024,941.0
16300,fmr_2br,2027,1054.0
16540,fmr_2br,2019,926.0
16540,fmr_2br,2024,1150.0
16540,fmr_2br,2027,1325.0
16580,fmr_2br,2019,836.0
16580,fmr_2br,2024,1049.0
16580,fmr_2br,2027,1173.0
16620,fmr_2br,2019,821.0
16620,fmr_2br,2024,994.0
16620,fmr_2br,2027,1048.0
16700,fmr_2br,2019,1118.0
16700,fmr_2br,2024,1599.0
16700,fmr_2br,2027,1884.0
16740,fmr_2br,2019,1028.0
16740,fmr_2br,2024,1554.0
16740,fmr_2br,2027,1785.0
16820,fmr_2br,2019,1325.0
16820,fmr_2br,2024,1678.0
16820,fmr_2br,2027,1642.0
16860,fmr_2br,2019,847.0
16860,fmr_2br,2024,1232.0
16860,fmr_2br,2027,1340.0
16940,fmr_2br,2019,855.0
16940,fmr_2br,2024,1161.0
16940,fmr_2br,2027,1228.0
16984,fmr_2br,2019,1211.0
16984,fmr_2br,2024,1712.0
16984,fmr_2br,2027,2008.0
17020,fmr_2br,2019,1144.0
17020,fmr_2br,2024,1428.0
17020,fmr_2br,2027,1509.0
17140,fmr_2br,2019,884.0
17140,fmr_2br,2024,1195.0
17140,fmr_2br,2027,1442.0
17300,fmr_2br,2019,867.0
17300,fmr_2br,2024,1246.0
17300,fmr_2br,2027,1307.0
17410,fmr_2br,2019,830.0
17410,fmr_2br,2024,1097.0
17410,fmr_2br,2027,1262.0
17420,fmr_2br,2019,799.0
17420,fmr_2br,2024,1114.0
17420,fmr_2br,2027,1270.0
17660,fmr_2br,2019,850.0
17660,fmr_2br,2024,1258.0
17660,fmr_2br,2027,1507.0
17780,fmr_2br,2019,911.0
17780,fmr_2br,2024,1140.0
17780,fmr_2br,2027,1151.0
17820,fmr_2br,2019,1064.0
17820,fmr_2br,2024,1734.0
17820,fmr_2br,2027,1621.0
17860,fmr_2br,2019,803.0
17860,fmr_2br,2024,1035.0
17860,fmr_2br,2027,1076.0
17900,fmr_2br,2019,959.0
17900,fmr_2br,2024,1246.0
17900,fmr_2br,2027,1226.0
17980,fmr_2br,2019,862.0
17980,fmr_2br,2024,1031.0
17980,fmr_2br,2027,1212.0
18020,fmr_2br,2019,856.0
18020,fmr_2br,2024,1196.0
18020,fmr_2br,2027,1493.0
18140,fmr_2br,2019,957.0
18140,fmr_2br,2024,1302.0
18140,fmr_2br,2027,1602.0
18580,fmr_2br,2019,1110.0
18580,fmr_2br,2024,1355.0
18580,fmr_2br,2027,1421.0
18700,fmr_2br,2019,1066.0
18700,fmr_2br,2024,1570.0
18700,fmr_2br,2027,1857.0
18880,fmr_2br,2019,995.0
18880,fmr_2br,2024,1526.0
18880,fmr_2br,2027,1908.0
19124,fmr_2br,2019,1201.0
19124,fmr_2br,2024,1758.0
19124,fmr_2br,2027,1807.0
19140,fmr_2br,2019,730.0
19140,fmr_2br,2024,968.0
19140,fmr_2br,2027,1127.0
19300,fmr_2br,2019,888.0
19300,fmr_2br,2024,1362.0
19300,fmr_2br,2027,1434.0
19340,fmr_2br,2019,830.0
19340,fmr_2br,2024,953.0
19340,fmr_2br,2027,1056.0
19430,fmr_2br,2024,1023.0
19430,fmr_2br,2027,1248.0
19460,fmr_2br,2019,681.0
19460,fmr_2br,2024,924.0
19460,fmr_2br,2027,1023.0
19500,fmr_2br,2019,739.0
19500,fmr_2br,2024,943.0
19500,fmr_2br,2027,1091.0
19660,fmr_2br,2019,1083.0
19660,fmr_2br,2024,1413.0
19660,fmr_2br,2027,1673.0
19740,fmr_2br,2019,1508.0
19740,fmr_2br,2024,2201.0
19740,fmr_2br,2027,2169.0
19780,fmr_2br,2019,910.0
19780,fmr_2br,2024,1080.0
19780,fmr_2br,2027,1360.0
19804,fmr_2br,2019,967.0
19804,fmr_2br,2024,1291.0
19804,fmr_2br,2027,1459.0
20020,fmr_2br,2019,682.0
20020,fmr_2br,2024,904.0
20020,fmr_2br,2027,966.0
20100,fmr_2br,2019,1034.0
20100,fmr_2br,2024,1368.0
20100,fmr_2br,2027,1629.0
20220,fmr_2br,2019,793.0
20220,fmr_2br,2024,936.0
20220,fmr_2br,2027,1131.0
20260,fmr_2br,2019,871.0
20260,fmr_2br,2024,1113.0
20260,fmr_2br,2027,1207.0
20500,fmr_2br,2019,1055.0
20500,fmr_2br,2024,1631.0
20500,fmr_2br,2027,1745.0
20740,fmr_2br,2019,810.0
20740,fmr_2br,2024,1039.0
20740,fmr_2br,2027,1259.0
20940,fmr_2br,2019,953.0
20940,fmr_2br,2024,1286.0
20940,fmr_2br,2027,1347.0
20994,fmr_2br,2019,1183.0
20994,fmr_2br,2024,1667.0
20994,fmr_2br,2027,2000.0
21060,fmr_2br,2019,766.0
21060,fmr_2br,2024,1003.0
21060,fmr_2br,2027,1087.0
21140,fmr_2br,2019,811.0
21140,fmr_2br,2024,1102.0
21140,fmr_2br,2027,1253.0
21300,fmr_2br,2019,834.0
21300,fmr_2br,2024,1208.0
21300,fmr_2br,2027,1348.0
21340,fmr_2br,2019,831.0
21340,fmr_2br,2024,1150.0
21340,fmr_2br,2027,1146.0
21420,fmr_2br,2019,768.0
21420,fmr_2br,2024,998.0
21420,fmr_2br,2027,997.0
21500,fmr_2br,2019,812.0
21500,fmr_2br,2024,983.0
21500,fmr_2br,2027,1091.0
21660,fmr_2br,2019,1032.0
21660,fmr_2br,2024,1397.0
21660,fmr_2br,2027,1546.0
21780,fmr_2br,2019,788.0
21780,fmr_2br,2024,1070.0
21780,fmr_2br,2027,1127.0
21794,fmr_2br,2019,1899.0
21794,fmr_2br,2024,2645.0
21794,fmr_2br,2027,2549.0
21820,fmr_2br,2019,1356.0
21820,fmr_2br,2024,1646.0
21820,fmr_2br,2027,1553.0
22020,fmr_2br,2019,859.0
22020,fmr_2br,2024,944.0
22020,fmr_2br,2027,1104.0
22140,fmr_2br,2019,784.0
22140,fmr_2br,2024,1012.0
22140,fmr_2br,2027,1116.0
22180,fmr_2br,2019,893.0
22180,fmr_2br,2024,1292.0
22180,fmr_2br,2027,1476.0
22220,fmr_2br,2019,758.0
22220,fmr_2br,2024,1121.0
22220,fmr_2br,2027,1256.0
22380,fmr_2br,2019,1237.0
22380,fmr_2br,2024,1863.0
22380,fmr_2br,2027,1729.0
22420,fmr_2br,2019,753.0
22420,fmr_2br,2024,1061.0
22420,fmr_2br,2027,1133.0
22500,fmr_2br,2019,779.0
22500,fmr_2br,2024,1012.0
22500,fmr_2br,2027,1121.0
22520,fmr_2br,2019,675.0
22520,fmr_2br,2024,940.0
22520,fmr_2br,2027,1085.0
22540,fmr_2br,2019,771.0
22540,fmr_2br,2024,1005.0
22540,fmr_2br,2027,1224.0
22660,fmr_2br,2019,1253.0
22660,fmr_2br,2024,1646.0
22660,fmr_2br,2027,1759.0
22744,fmr_2br,2019,1444.0
22744,fmr_2br,2024,2102.0
22744,fmr_2br,2027,2321.0
22900,fmr_2br,2019,700.0
22900,fmr_2br,2024,891.0
22900,fmr_2br,2027,979.0
23060,fmr_2br,2019,778.0
23060,fmr_2br,2024,1089.0
23060,fmr_2br,2027,1248.0
23104,fmr_2br,2019,1067.0
23104,fmr_2br,2024,1604.0
23104,fmr_2br,2027,1728.0
23224,fmr_2br,2019,1665.0
23224,fmr_2br,2024,2045.0
23224,fmr_2br,2027,2438.0
23420,fmr_2br,2019,956.0
23420,fmr_2br,2024,1443.0
23420,fmr_2br,2027,1685.0
23460,fmr_2br,2019,662.0
23460,fmr_2br,2024,940.0
23460,fmr_2br,2027,975.0
23540,fmr_2br,2019,948.0
23540,fmr_2br,2024,1397.0
23540,fmr_2br,2027,1471.0
23580,fmr_2br,2019,892.0
23580,fmr_2br,2024,1386.0
23580,fmr_2br,2027,1543.0
23900,fmr_2br,2019,970.0
23900,fmr_2br,2024,1226.0
23900,fmr_2br,2027,1354.0
24020,fmr_2br,2019,959.0
24020,fmr_2br,2024,1284.0
24020,fmr_2br,2027,1347.0
24140,fmr_2br,2019,753.0
24140,fmr_2br,2024,1092.0
24140,fmr_2br,2027,1261.0
24220,fmr_2br,2019,870.0
24220,fmr_2br,2024,929.0
24220,fmr_2br,2027,1014.0
24260,fmr_2br,2019,749.0
24260,fmr_2br,2024,965.0
24260,fmr_2br,2027,1174.0
24300,fmr_2br,2019,842.0
24300,fmr_2br,2024,1123.0
24300,fmr_2br,2027,1282.0
24340,fmr_2br,2019,903.0
24340,fmr_2br,2024,1369.0
24340,fmr_2br,2027,1630.0
24420,fmr_2br,2019,955.0
24420,fmr_2br,2024,1346.0
24420,fmr_2br,2027,1331.0
24500,fmr_2br,2019,777.0
24500,fmr_2br,2024,979.0
24500,fmr_2br,2027,1308.0
24540,fmr_2br,2019,992.0
24540,fmr_2br,2024,1533.0
24540,fmr_2br,2027,1647.0
24580,fmr_2br,2019,860.0
24580,fmr_2br,2024,1055.0
24580,fmr_2br,2027,1287.0
24660,fmr_2br,2019,769.0
24660,fmr_2br,2024,1170.0
24660,fmr_2br,2027,1271.0
24780,fmr_2br,2019,774.0
24780,fmr_2br,2024,1155.0
24780,fmr_2br,2027,1167.0
24860,fmr_2br,2019,865.0
24860,fmr_2br,2024,1206.0
24860,fmr_2br,2027,1507.0
25060,fmr_2br,2019,785.0
25060,fmr_2br,2024,1151.0
25060,fmr_2br,2027,1185.0
25180,fmr_2br,2019,973.0
25180,fmr_2br,2024,1175.0
25180,fmr_2br,2027,1237.0
25220,fmr_2br,2019,842.0
25220,fmr_2br,2024,1072.0
25220,fmr_2br,2027,1097.0
25260,fmr_2br,2019,987.0
25260,fmr_2br,2024,1371.0
25260,fmr_2br,2027,1512.0
25420,fmr_2br,2019,1012.0
25420,fmr_2br,2024,1273.0
25420,fmr_2br,2027,1598.0
25500,fmr_2br,2019,881.0
25500,fmr_2br,2024,1203.0
25500,fmr_2br,2027,1264.0
25540,fmr_2br,2019,1194.0
25540,fmr_2br,2024,1654.0
25540,fmr_2br,2027,1933.0
25620,fmr_2br,2019,768.0
25620,fmr_2br,2024,1101.0
25620,fmr_2br,2027,1316.0
25740,fmr_2br,2019,876.0
25740,fmr_2br,2024,1048.0
25740,fmr_2br,2027,1628.0
25860,fmr_2br,2019,679.0
25860,fmr_2br,2024,1014.0
25860,fmr_2br,2027,1147.0
25940,fmr_2br,2019,1110.0
25940,fmr_2br,2024,1586.0
25940,fmr_2br,2027,1949.0
25980,fmr_2br,2019,887.0
25980,fmr_2br,2024,1200.0
25980,fmr_2br,2027,1396.0
26140,fmr_2br,2019,846.0
26140,fmr_2br,2024,1116.0
26140,fmr_2br,2027,1194.0
26300,fmr_2br,2019,776.0
26300,fmr_2br,2024,1007.0
26300,fmr_2br,2027,1110.0
26380,fmr_2br,2019,848.0
26380,fmr_2br,2024,1117.0
26380,fmr_2br,2027,1098.0
26420,fmr_2br,2019,1104.0
26420,fmr_2br,2024,1357.0
26420,fmr_2br,2027,1497.0
26580,fmr_2br,2019,734.0
26580,fmr_2br,2024,938.0
26580,fmr_2br,2027,1006.0
26620,fmr_2br,2019,809.0
26620,fmr_2br,2024,1248.0
26620,fmr_2br,2027,1341.0
26820,fmr_2br,2019,716.0
26820,fmr_2br,2024,1098.0
26820,fmr_2br,2027,1274.0
26900,fmr_2br,2019,918.0
26900,fmr_2br,2024,1349.0
26900,fmr_2br,2027,1536.0
26980,fmr_2br,2019,881.0
26980,fmr_2br,2024,1058.0
26980,fmr_2br,2027,1158.0
27060,fmr_2br,2019,1135.0
27060,fmr_2br,2024,1664.0
27060,fmr_2br,2027,1709.0
27100,fmr_2br,2019,807.0
27100,fmr_2br,2024,1074.0
27100,fmr_2br,2027,1201.0
27140,fmr_2br,2019,867.0
27140,fmr_2br,2024,1159.0
27140,fmr_2br,2027,1289.0
27180,fmr_2br,2019,775.0
27180,fmr_2br,2024,1138.0
27180,fmr_2br,2027,1375.0
27260,fmr_2br,2019,973.0
27260,fmr_2br,2024,1604.0
27260,fmr_2br,2027,1694.0
27340,fmr_2br,2019,843.0
27340,fmr_2br,2024,1274.0
27340,fmr_2br,2027,1319.0
27500,fmr_2br,2019,793.0
27500,fmr_2br,2024,1105.0
27500,fmr_2br,2027,1280.0
27620,fmr_2br,2019,646.0
27620,fmr_2br,2024,824.0
27620,fmr_2br,2027,962.0
27740,fmr_2br,2019,689.0
27740,fmr_2br,2024,1070.0
27740,fmr_2br,2027,1211.0
27780,fmr_2br,2019,710.0
27780,fmr_2br,2024,863.0
27780,fmr_2br,2027,1014.0
27860,fmr_2br,2019,738.0
27860,fmr_2br,2024,916.0
27860,fmr_2br,2027,1051.0
27900,fmr_2br,2019,721.0
27900,fmr_2br,2024,923.0
27900,fmr_2br,2027,1153.0
27980,fmr_2br,2019,1675.0
27980,fmr_2br,2024,2139.0
27980,fmr_2br,2027,2656.0
28020,fmr_2br,2019,795.0
28020,fmr_2br,2024,1057.0
28020,fmr_2br,2027,1158.0
28100,fmr_2br,2019,892.0
28100,fmr_2br,2024,1164.0
28100,fmr_2br,2027,1349.0
28140,fmr_2br,2019,953.0
28140,fmr_2br,2024,1258.0
28140,fmr_2br,2027,1546.0
28420,fmr_2br,2019,962.0
28420,fmr_2br,2024,1485.0
28420,fmr_2br,2027,1487.0
28450,fmr_2br,2019,911.0
28450,fmr_2br,2024,1401.0
28450,fmr_2br,2027,1441.0
28660,fmr_2br,2019,780.0
28660,fmr_2br,2024,1135.0
28660,fmr_2br,2027,1138.0
28700,fmr_2br,2019,700.0
28700,fmr_2br,2024,905.0
28700,fmr_2br,2027,1091.0
28740,fmr_2br,2019,1210.0
28740,fmr_2br,2024,1702.0
28740,fmr_2br,2027,1878.0
28880,fmr_2br,2019,1346.0
28880,fmr_2br,2024,1825.0
28880,fmr_2br,2027,2131.0
28940,fmr_2br,2019,855.0
28940,fmr_2br,2024,1221.0
28940,fmr_2br,2027,1475.0
29020,fmr_2br,2019,716.0
29020,fmr_2br,2024,980.0
29020,fmr_2br,2027,1179.0
29100,fmr_2br,2019,826.0
29100,fmr_2br,2024,1122.0
29100,fmr_2br,2027,1343.0
29180,fmr_2br,2019,842.0
29180,fmr_2br,2024,1034.0
29180,fmr_2br,2027,1092.0
29200,fmr_2br,2019,813.0
29200,fmr_2br,2024,1043.0
29200,fmr_2br,2027,1241.0
29340,fmr_2br,2019,827.0
29340,fmr_2br,2024,1080.0
29340,fmr_2br,2027,1231.0
29404,fmr_2br,2019,1212.0
29404,fmr_2br,2024,1714.0
29404,fmr_2br,2027,2011.0
29414,fmr_2br,2019,915.0
29414,fmr_2br,2024,1249.0
29414,fmr_2br,2027,1425.0
29420,fmr_2br,2019,776.0
29420,fmr_2br,2024,1211.0
29420,fmr_2br,2027,1229.0
29460,fmr_2br,2019,925.0
29460,fmr_2br,2024,1250.0
29460,fmr_2br,2027,1608.0
29484,fmr_2br,2019,1608.0
29484,fmr_2br,2024,2090.0
29484,fmr_2br,2027,2448.0
29540,fmr_2br,2019,1091.0
29540,fmr_2br,2024,1333.0
29540,fmr_2br,2027,1553.0
29620,fmr_2br,2019,908.0
29620,fmr_2br,2024,1092.0
29620,fmr_2br,2027,1323.0
29700,fmr_2br,2019,857.0
29700,fmr_2br,2024,1087.0
29700,fmr_2br,2027,1157.0
29740,fmr_2br,2019,700.0
29740,fmr_2br,2024,989.0
29740,fmr_2br,2027,1073.0
29820,fmr_2br,2019,979.0
29820,fmr_2br,2024,1643.0
29820,fmr_2br,2027,1686.0
29940,fmr_2br,2019,918.0
29940,fmr_2br,2024,1054.0
29940,fmr_2br,2027,1272.0
30020,fmr_2br,2019,741.0
30020,fmr_2br,2024,920.0
30020,fmr_2br,2027,974.0
30140,fmr_2br,2019,908.0
30140,fmr_2br,2024,1225.0
30140,fmr_2br,2027,1353.0
30300,fmr_2br,2019,808.0
30300,fmr_2br,2024,1109.0
30300,fmr_2br,2027,1234.0
30340,fmr_2br,2019,915.0
30340,fmr_2br,2024,1111.0
30340,fmr_2br,2027,1677.0
30460,fmr_2br,2019,883.0
30460,fmr_2br,2024,1177.0
30460,fmr_2br,2027,1416.0
30500,fmr_2br,2019,1478.0
30500,fmr_2br,2024,1886.0
30500,fmr_2br,2027,1833.0
30620,fmr_2br,2019,687.0
30620,fmr_2br,2024,947.0
30620,fmr_2br,2027,1179.0
30700,fmr_2br,2019,805.0
30700,fmr_2br,2024,1067.0
30700,fmr_2br,2027,1230.0
30780,fmr_2br,2019,831.0
30780,fmr_2br,2024,1089.0
30780,fmr_2br,2027,1121.0
30860,fmr_2br,2019,700.0
30860,fmr_2br,2024,1047.0
30860,fmr_2br,2027,1265.0
30980,fmr_2br,2019,910.0
30980,fmr_2br,2024,1102.0
30980,fmr_2br,2027,1232.0
31020,fmr_2br,2019,923.0
31020,fmr_2br,2024,1341.0
31020,fmr_2br,2027,1398.0
31084,fmr_2br,2019,1791.0
31084,fmr_2br,2024,2544.0
31084,fmr_2br,2027,2964.0
31140,fmr_2br,2019,853.0
31140,fmr_2br,2024,1301.0
31140,fmr_2br,2027,1276.0
31180,fmr_2br,2019,880.0
31180,fmr_2br,2024,1113.0
31180,fmr_2br,2027,1241.0
31340,fmr_2br,2019,790.0
31340,fmr_2br,2024,1093.0
31340,fmr_2br,2027,1117.0
31420,fmr_2br,2019,787.0
31420,fmr_2br,2024,1146.0
31420,fmr_2br,2027,1309.0
31540,fmr_2br,2019,1093.0
31540,fmr_2br,2024,1372.0
31540,fmr_2br,2027,1565.0
31700,fmr_2br,2019,1335.0
31700,fmr_2br,2024,1845.0
31700,fmr_2br,2027,2179.0
31740,fmr_2br,2019,944.0
31740,fmr_2br,2024,1009.0
31740,fmr_2br,2027,1107.0
31860,fmr_2br,2019,924.0
31860,fmr_2br,2024,1101.0
31860,fmr_2br,2027,1230.0
31900,fmr_2br,2019,682.0
31900,fmr_2br,2024,860.0
31900,fmr_2br,2027,1035.0
31924,fmr_2br,2019,1100.0
31924,fmr_2br,2024,1826.0
31924,fmr_2br,2027,1745.0
32580,fmr_2br,2019,757.0
32580,fmr_2br,2024,977.0
32580,fmr_2br,2027,1017.0
32780,fmr_2br,2019,988.0
32780,fmr_2br,2024,1396.0
32780,fmr_2br,2027,1539.0
32820,fmr_2br,2019,875.0
32820,fmr_2br,2024,1298.0
32820,fmr_2br,2027,1301.0
32900,fmr_2br,2019,839.0
32900,fmr_2br,2024,1420.0
32900,fmr_2br,2027,1517.0
33124,fmr_2br,2019,1454.0
33124,fmr_2br,2024,2324.0
33124,fmr_2br,2027,2564.0
33140,fmr_2br,2019,774.0
33140,fmr_2br,2024,1016.0
33140,fmr_2br,2027,1245.0
33220,fmr_2br,2019,821.0
33220,fmr_2br,2024,1074.0
33220,fmr_2br,2027,1205.0
33260,fmr_2br,2019,1337.0
33260,fmr_2br,2024,1612.0
33260,fmr_2br,2027,1794.0
33340,fmr_2br,2019,918.0
33340,fmr_2br,2024,1170.0
33340,fmr_2br,2027,1263.0
33460,fmr_2br,2019,1151.0
33460,fmr_2br,2024,1622.0
33460,fmr_2br,2027,1734.0
33500,fmr_2br,2019,1042.0
33500,fmr_2br,2024,968.0
33500,fmr_2br,2027,1046.0
33540,fmr_2br,2019,927.0
33540,fmr_2br,2024,1203.0
33540,fmr_2br,2027,1690.0
33660,fmr_2br,2019,848.0
33660,fmr_2br,2024,1094.0
33660,fmr_2br,2027,1139.0
33700,fmr_2br,2019,1016.0
33700,fmr_2br,2024,1528.0
33700,fmr_2br,2027,1803.0
33740,fmr_2br,2019,741.0
33740,fmr_2br,2024,995.0
33740,fmr_2br,2027,1017.0
33780,fmr_2br,2019,874.0
33780,fmr_2br,2024,1163.0
33780,fmr_2br,2027,1304.0
33860,fmr_2br,2019,825.0
33860,fmr_2br,2024,1092.0
33860,fmr_2br,2027,1150.0
33874,fmr_2br,2019,1200.0
33874,fmr_2br,2024,1737.0
33874,fmr_2br,2027,1860.0
34060,fmr_2br,2019,787.0
34060,fmr_2br,2024,1078.0
34060,fmr_2br,2027,1143.0
34100,fmr_2br,2019,720.0
34100,fmr_2br,2024,1023.0
34100,fmr_2br,2027,1153.0
34580,fmr_2br,2019,994.0
34580,fmr_2br,2024,1657.0
34580,fmr_2br,2027,1668.0
34620,fmr_2br,2019,733.0
34620,fmr_2br,2024,952.0
34620,fmr_2br,2027,1145.0
34740,fmr_2br,2019,796.0
34740,fmr_2br,2024,1056.0
34740,fmr_2br,2027,1285.0
34820,fmr_2br,2019,932.0
34820,fmr_2br,2024,1361.0
34820,fmr_2br,2027,1504.0
34900,fmr_2br,2019,1705.0
34900,fmr_2br,2024,2684.0
34900,fmr_2br,2027,3375.0
34940,fmr_2br,2019,1327.0
34940,fmr_2br,2024,1782.0
34940,fmr_2br,2027,2036.0
34980,fmr_2br,2019,1103.0
34980,fmr_2br,2024,1619.0
34980,fmr_2br,2027,1798.0
35004,fmr_2br,2019,1907.0
35004,fmr_2br,2024,2508.0
35004,fmr_2br,2027,2689.0
35084,fmr_2br,2019,1464.0
35084,fmr_2br,2024,1937.0
35084,fmr_2br,2027,2256.0
35300,fmr_2br,2019,1400.0
35300,fmr_2br,2024,1684.0
35300,fmr_2br,2027,2091.0
35380,fmr_2br,2019,1008.0
35380,fmr_2br,2024,1362.0
35380,fmr_2br,2027,1480.0
35614,fmr_2br,2019,1792.0
35614,fmr_2br,2024,2587.0
35614,fmr_2br,2027,2876.0
35660,fmr_2br,2019,738.0
35660,fmr_2br,2024,1065.0
35660,fmr_2br,2027,1152.0
35840,fmr_2br,2019,1180.0
35840,fmr_2br,2024,1815.0
35840,fmr_2br,2027,2188.0
35980,fmr_2br,2019,1143.0
35980,fmr_2br,2024,1556.0
35980,fmr_2br,2027,1902.0
36084,fmr_2br,2019,2109.0
36084,fmr_2br,2024,2590.0
36084,fmr_2br,2027,2805.0
36100,fmr_2br,2019,867.0
36100,fmr_2br,2024,1266.0
36100,fmr_2br,2027,1394.0
36220,fmr_2br,2019,1144.0
36220,fmr_2br,2024,1481.0
36220,fmr_2br,2027,1522.0
36260,fmr_2br,2019,910.0
36260,fmr_2br,2024,1350.0
36260,fmr_2br,2027,1591.0
36420,fmr_2br,2019,867.0
36420,fmr_2br,2024,1091.0
36420,fmr_2br,2027,1264.0
36500,fmr_2br,2019,1152.0
36500,fmr_2br,2024,1802.0
36500,fmr_2br,2027,1946.0
36540,fmr_2br,2019,927.0
36540,fmr_2br,2024,1170.0
36540,fmr_2br,2027,1450.0
36740,fmr_2br,2019,1190.0
36740,fmr_2br,2024,1857.0
36740,fmr_2br,2027,1959.0
36780,fmr_2br,2019,769.0
36780,fmr_2br,2024,1010.0
36780,fmr_2br,2027,1195.0
36980,fmr_2br,2019,746.0
36980,fmr_2br,2024,1091.0
36980,fmr_2br,2027,1138.0
37100,fmr_2br,2019,1795.0
37100,fmr_2br,2024,2414.0
37100,fmr_2br,2027,2424.0
37140,fmr_2br,2019,720.0
37140,fmr_2br,2024,940.0
37140,fmr_2br,2027,1115.0
37340,fmr_2br,2019,1000.0
37340,fmr_2br,2024,1434.0
37340,fmr_2br,2027,1779.0
37460,fmr_2br,2019,1011.0
37460,fmr_2br,2024,1523.0
37460,fmr_2br,2027,1651.0
37620,fmr_2br,2019,722.0
37620,fmr_2br,2024,948.0
37620,fmr_2br,2027,974.0
37860,fmr_2br,2019,955.0
37860,fmr_2br,2024,1278.0
37860,fmr_2br,2027,1548.0
37900,fmr_2br,2019,798.0
37900,fmr_2br,2024,965.0
37900,fmr_2br,2027,1212.0
37964,fmr_2br,2019,1200.0
37964,fmr_2br,2024,1737.0
37964,fmr_2br,2027,1860.0
38060,fmr_2br,2019,1073.0
38060,fmr_2br,2024,1877.0
38060,fmr_2br,2027,1734.0
38240,fmr_2br,2019,777.0
38240,fmr_2br,2024,995.0
38240,fmr_2br,2027,1223.0
38300,fmr_2br,2019,896.0
38300,fmr_2br,2024,1161.0
38300,fmr_2br,2027,1389.0
38340,fmr_2br,2019,1048.0
38340,fmr_2br,2024,1402.0
38340,fmr_2br,2027,1704.0
38540,fmr_2br,2019,701.0
38540,fmr_2br,2024,987.0
38540,fmr_2br,2027,1251.0
38860,fmr_2br,2019,1253.0
38860,fmr_2br,2024,1707.0
38860,fmr_2br,2027,2130.0
38900,fmr_2br,2019,1325.0
38900,fmr_2br,2024,2024.0
38900,fmr_2br,2027,1878.0
38940,fmr_2br,2019,1105.0
38940,fmr_2br,2024,1573.0
38940,fmr_2br,2027,2069.0
39150,fmr_2br,2024,1403.0
39150,fmr_2br,2027,1550.0
39300,fmr_2br,2019,1060.0
39300,fmr_2br,2024,1693.0
39300,fmr_2br,2027,1879.0
39340,fmr_2br,2019,862.0
39340,fmr_2br,2024,1253.0
39340,fmr_2br,2027,1363.0
39380,fmr_2br,2019,875.0
39380,fmr_2br,2024,1158.0
39380,fmr_2br,2027,1263.0
39460,fmr_2br,2019,978.0
39460,fmr_2br,2024,1380.0
39460,fmr_2br,2027,1575.0
39540,fmr_2br,2019,858.0
39540,fmr_2br,2024,1092.0
39540,fmr_2br,2027,1283.0
39580,fmr_2br,2019,1086.0
39580,fmr_2br,2024,1646.0
39580,fmr_2br,2027,1689.0
39660,fmr_2br,2019,888.0
39660,fmr_2br,2024,1163.0
39660,fmr_2br,2027,1430.0
39740,fmr_2br,2019,1030.0
39740,fmr_2br,2024,1320.0
39740,fmr_2br,2027,1418.0
39820,fmr_2br,2019,980.0
39820,fmr_2br,2024,1487.0
39820,fmr_2br,2027,1581.0
39900,fmr_2br,2019,1037.0
39900,fmr_2br,2024,1582.0
39900,fmr_2br,2027,1837.0
40060,fmr_2br,2019,1067.0
40060,fmr_2br,2024,1532.0
40060,fmr_2br,2027,1651.0
40140,fmr_2br,2019,1232.0
40140,fmr_2br,2024,2010.0
40140,fmr_2br,2027,2103.0
40220,fmr_2br,2019,821.0
40220,fmr_2br,2024,1088.0
40220,fmr_2br,2027,1464.0
40340,fmr_2br,2019,959.0
40340,fmr_2br,2024,1148.0
40340,fmr_2br,2027,1422.0
40380,fmr_2br,2019,951.0
40380,fmr_2br,2024,1307.0
40380,fmr_2br,2027,1416.0
40420,fmr_2br,2019,800.0
40420,fmr_2br,2024,1031.0
40420,fmr_2br,2027,1172.0
40484,fmr_2br,2019,1280.0
40484,fmr_2br,2024,1971.0
40484,fmr_2br,2027,2231.0
40580,fmr_2br,2019,721.0
40580,fmr_2br,2024,1035.0
40580,fmr_2br,2027,1167.0
40660,fmr_2br,2019,738.0
40660,fmr_2br,2024,1096.0
40660,fmr_2br,2027,1204.0
40900,fmr_2br,2019,1220.0
40900,fmr_2br,2024,2072.0
40900,fmr_2br,2027,2201.0
40980,fmr_2br,2019,798.0
40980,fmr_2br,2024,1004.0
40980,fmr_2br,2027,1141.0
41060,fmr_2br,2019,855.0
41060,fmr_2br,2024,1155.0
41060,fmr_2br,2027,1233.0
41100,fmr_2br,2019,916.0
41100,fmr_2br,2024,1355.0
41100,fmr_2br,2027,1657.0
41140,fmr_2br,2019,761.0
41140,fmr_2br,2024,964.0
41140,fmr_2br,2027,1101.0
41180,fmr_2br,2019,924.0
41180,fmr_2br,2024,1209.0
41180,fmr_2br,2027,1349.0
41304,fmr_2br,2019,1133.0
41304,fmr_2br,2024,1851.0
41304,fmr_2br,2027,1917.0
41420,fmr_2br,2019,972.0
41420,fmr_2br,2024,1340.0
41420,fmr_2br,2027,1692.0
41500,fmr_2br,2019,1540.0
41500,fmr_2br,2024,2879.0
41500,fmr_2br,2027,2416.0
41540,fmr_2br,2019,1113.0
41540,fmr_2br,2024,1311.0
41540,fmr_2br,2027,1428.0
41620,fmr_2br,2019,1075.0
41620,fmr_2br,2024,1606.0
41620,fmr_2br,2027,1615.0
41660,fmr_2br,2019,958.0
41660,fmr_2br,2024,1149.0
41660,fmr_2br,2027,1350.0
41700,fmr_2br,2019,1050.0
41700,fmr_2br,2024,1458.0
41700,fmr_2br,2027,1441.0
41740,fmr_2br,2019,1938.0
41740,fmr_2br,2024,2833.0
41740,fmr_2br,2027,2823.0
41780,fmr_2br,2019,737.0
41780,fmr_2br,2024,956.0
41780,fmr_2br,2027,1217.0
41884,fmr_2br,2019,2809.0
41884,fmr_2br,2024,3359.0
41884,fmr_2br,2027,3697.0
41940,fmr_2br,2019,2712.0
41940,fmr_2br,2024,3132.0
41940,fmr_2br,2027,3272.0
42020,fmr_2br,2019,1542.0
42020,fmr_2br,2024,2274.0
42020,fmr_2br,2027,2720.0
42034,fmr_2br,2019,2809.0
42034,fmr_2br,2024,3359.0
42034,fmr_2br,2027,3697.0
42100,fmr_2br,2019,2439.0
42100,fmr_2br,2024,4054.0
42100,fmr_2br,2027,4254.0
42140,fmr_2br,2019,1069.0
42140,fmr_2br,2024,1535.0
42140,fmr_2br,2027,1735.0
42200,fmr_2br,2019,1951.0
42200,fmr_2br,2024,2994.0
42200,fmr_2br,2027,3106.0
42220,fmr_2br,2019,1887.0
42220,fmr_2br,2024,2377.0
42220,fmr_2br,2027,2819.0
42340,fmr_2br,2019,996.0
42340,fmr_2br,2024,1445.0
42340,fmr_2br,2027,1679.0
42540,fmr_2br,2019,780.0
42540,fmr_2br,2024,1039.0
42540,fmr_2br,2027,1363.0
42644,fmr_2br,2019,1899.0
42644,fmr_2br,2024,2645.0
42644,fmr_2br,2027,2549.0
42680,fmr_2br,2019,961.0
42680,fmr_2br,2024,1462.0
42680,fmr_2br,2027,1542.0
42700,fmr_2br,2019,841.0
42700,fmr_2br,2024,1117.0
42700,fmr_2br,2027,1259.0
43100,fmr_2br,2019,727.0
43100,fmr_2br,2024,955.0
43100,fmr_2br,2027,1168.0
43300,fmr_2br,2019,892.0
43300,fmr_2br,2024,1227.0
43300,fmr_2br,2027,1395.0
43340,fmr_2br,2019,828.0
43340,fmr_2br,2024,1073.0
43340,fmr_2br,2027,1045.0
43420,fmr_2br,2019,823.0
43420,fmr_2br,2024,1067.0
43420,fmr_2br,2027,1153.0
43580,fmr_2br,2019,820.0
43580,fmr_2br,2024,1010.0
43580,fmr_2br,2027,1194.0
43620,fmr_2br,2019,873.0
43620,fmr_2br,2024,1042.0
43620,fmr_2br,2027,1228.0
43640,fmr_2br,2019,1008.0
43640,fmr_2br,2024,1362.0
43640,fmr_2br,2027,1354.0
43780,fmr_2br,2019,810.0
43780,fmr_2br,2024,1017.0
43780,fmr_2br,2027,1276.0
43900,fmr_2br,2019,758.0
43900,fmr_2br,2024,1141.0
43900,fmr_2br,2027,1196.0
44060,fmr_2br,2019,885.0
44060,fmr_2br,2024,1304.0
44060,fmr_2br,2027,1494.0
44100,fmr_2br,2019,846.0
44100,fmr_2br,2024,1070.0
44100,fmr_2br,2027,1237.0
44140,fmr_2br,2019,1061.0
44140,fmr_2br,2024,1375.0
44140,fmr_2br,2027,1800.0
44180,fmr_2br,2019,723.0
44180,fmr_2br,2024,921.0
44180,fmr_2br,2027,1113.0
44220,fmr_2br,2019,788.0
44220,fmr_2br,2024,948.0
44220,fmr_2br,2027,1160.0
44300,fmr_2br,2019,1019.0
44300,fmr_2br,2024,1317.0
44300,fmr_2br,2027,1537.0
44420,fmr_2br,2019,875.0
44420,fmr_2br,2024,1149.0
44420,fmr_2br,2027,1199.0
44700,fmr_2br,2019,1092.0
44700,fmr_2br,2024,1607.0
44700,fmr_2br,2027,2015.0
44940,fmr_2br,2019,760.0
44940,fmr_2br,2024,1165.0
44940,fmr_2br,2027,1338.0
45060,fmr_2br,2019,858.0
45060,fmr_2br,2024,1126.0
45060,fmr_2br,2027,1493.0
45104,fmr_2br,2019,1265.0
45104,fmr_2br,2024,1987.0
45104,fmr_2br,2027,2064.0
45220,fmr_2br,2019,957.0
45220,fmr_2br,2024,1339.0
45220,fmr_2br,2027,1424.0
45294,fmr_2br,2019,1133.0
45294,fmr_2br,2024,1851.0
45294,fmr_2br,2027,1917.0
45460,fmr_2br,2019,805.0
45460,fmr_2br,2024,964.0
45460,fmr_2br,2027,1164.0
45500,fmr_2br,2019,798.0
45500,fmr_2br,2024,982.0
45500,fmr_2br,2027,1118.0
45780,fmr_2br,2019,727.0
45780,fmr_2br,2024,986.0
45780,fmr_2br,2027,1145.0
45820,fmr_2br,2019,785.0
45820,fmr_2br,2024,960.0
45820,fmr_2br,2027,1172.0
45900,fmr_2br,2019,848.0
45900,fmr_2br,2024,1188.0
45900,fmr_2br,2027,1372.0
45940,fmr_2br,2019,1361.0
45940,fmr_2br,2024,1998.0
45940,fmr_2br,2027,2242.0
46060,fmr_2br,2019,903.0
46060,fmr_2br,2024,1337.0
46060,fmr_2br,2027,1405.0
46140,fmr_2br,2019,865.0
46140,fmr_2br,2024,1128.0
46140,fmr_2br,2027,1229.0
46220,fmr_2br,2019,847.0
46220,fmr_2br,2024,1125.0
46220,fmr_2br,2027,1165.0
46300,fmr_2br,2019,748.0
46300,fmr_2br,2024,1052.0
46300,fmr_2br,2027,1260.0
46340,fmr_2br,2019,908.0
46340,fmr_2br,2024,1235.0
46340,fmr_2br,2027,1277.0
46520,fmr_2br,2019,2067.0
46520,fmr_2br,2024,2252.0
46520,fmr_2br,2027,2542.0
46540,fmr_2br,2019,786.0
46540,fmr_2br,2024,992.0
46540,fmr_2br,2027,1210.0
46660,fmr_2br,2019,697.0
46660,fmr_2br,2024,1039.0
46660,fmr_2br,2027,1179.0
46700,fmr_2br,2019,1443.0
46700,fmr_2br,2024,2308.0
46700,fmr_2br,2027,2342.0
47020,fmr_2br,2019,960.0
47020,fmr_2br,2024,1276.0
47020,fmr_2br,2027,1428.0
47220,fmr_2br,2019,1229.0
47220,fmr_2br,2024,1545.0
47220,fmr_2br,2027,1704.0
47260,fmr_2br,2019,1104.0
47260,fmr_2br,2024,1493.0
47260,fmr_2br,2027,1667.0
47300,fmr_2br,2019,925.0
47300,fmr_2br,2024,1299.0
47300,fmr_2br,2027,1450.0
47380,fmr_2br,2019,823.0
47380,fmr_2br,2024,1266.0
47380,fmr_2br,2027,1297.0
47460,fmr_2br,2024,1454.0
47460,fmr_2br,2027,1561.0
47580,fmr_2br,2019,894.0
47580,fmr_2br,2024,1213.0
47580,fmr_2br,2027,1396.0
47664,fmr_2br,2019,968.0
47664,fmr_2br,2024,1296.0
47664,fmr_2br,2027,1460.0
47764,fmr_2br,2019,1665.0
47764,fmr_2br,2024,2045.0
47764,fmr_2br,2027,2438.0
47930,fmr_2br,2019,1200.0
47930,fmr_2br,2024,1576.0
47930,fmr_2br,2027,1745.0
47940,fmr_2br,2019,836.0
47940,fmr_2br,2024,944.0
47940,fmr_2br,2027,1096.0
48060,fmr_2br,2019,1164.0
48060,fmr_2br,2024,1360.0
48060,fmr_2br,2027,1453.0
48140,fmr_2br,2019,774.0
48140,fmr_2br,2024,1020.0
48140,fmr_2br,2027,1217.0
48260,fmr_2br,2019,700.0
48260,fmr_2br,2024,860.0
48260,fmr_2br,2027,1007.0
48300,fmr_2br,2019,981.0
48300,fmr_2br,2024,1448.0
48300,fmr_2br,2027,1467.0
48424,fmr_2br,2019,1434.0
48424,fmr_2br,2024,2226.0
48424,fmr_2br,2027,2349.0
48540,fmr_2br,2019,702.0
48540,fmr_2br,2024,895.0
48540,fmr_2br,2027,1009.0
48620,fmr_2br,2019,787.0
48620,fmr_2br,2024,1017.0
48620,fmr_2br,2027,1043.0
48660,fmr_2br,2019,772.0
48660,fmr_2br,2024,1037.0
48660,fmr_2br,2027,1145.0
48680,fmr_2br,2019,847.0
48680,fmr_2br,2024,1250.0
48680,fmr_2br,2027,1324.0
48700,fmr_2br,2019,856.0
48700,fmr_2br,2024,1082.0
48700,fmr_2br,2027,1217.0
48864,fmr_2br,2019,1200.0
48864,fmr_2br,2024,1737.0
48864,fmr_2br,2027,1860.0
48900,fmr_2br,2019,1003.0
48900,fmr_2br,2024,1515.0
48900,fmr_2br,2027,1705.0
49020,fmr_2br,2019,958.0
49020,fmr_2br,2024,1390.0
49020,fmr_2br,2027,1505.0
49180,fmr_2br,2019,729.0
49180,fmr_2br,2024,1110.0
49180,fmr_2br,2027,1332.0
49340,fmr_2br,2019,1202.0
49340,fmr_2br,2024,1661.0
49340,fmr_2br,2027,2043.0
49420,fmr_2br,2019,837.0
49420,fmr_2br,2024,1310.0
49420,fmr_2br,2027,1313.0
49620,fmr_2br,2019,946.0
49620,fmr_2br,2024,1197.0
49620,fmr_2br,2027,1327.0
49660,fmr_2br,2019,685.0
49660,fmr_2br,2024,860.0
49660,fmr_2br,2027,1003.0
49700,fmr_2br,2019,878.0
49700,fmr_2br,2024,1461.0
49700,fmr_2br,2027,1600.0
49740,fmr_2br,2019,798.0
49740,fmr_2br,2024,1264.0
49740,fmr_2br,2027,1244.0
10180,median_family_income,2019,62900.0
10180,median_family_income,2024,85600.0
10180,median_family_income,2026,92100.0
10420,median_family_income,2019,72300.0
10420,median_family_income,2024,95800.0
10420,median_family_income,2026,97100.0
10500,median_family_income,2019,53400.0
10500,median_family_income,2024,64500.0
10500,median_family_income,2026,71200.0
10540,median_family_income,2019,68600.0
10540,median_family_income,2024,84900.0
10540,median_family_income,2026,97300.0
10580,median_family_income,2019,89900.0
10580,median_family_income,2024,117800.0
10580,median_family_income,2026,123100.0
10740,median_family_income,2019,65700.0
10740,median_family_income,2024,86400.0
10740,median_family_income,2026,100400.0
10780,median_family_income,2019,57600.0
10780,median_family_income,2024,74200.0
10780,median_family_income,2026,83300.0
10900,median_family_income,2019,78400.0
10900,median_family_income,2024,98300.0
10900,median_family_income,2026,104400.0
11020,median_family_income,2019,63000.0
11020,median_family_income,2024,86900.0
11020,median_family_income,2026,92400.0
11100,median_family_income,2019,71600.0
11100,median_family_income,2024,87700.0
11100,median_family_income,2026,90700.0
11180,median_family_income,2019,89400.0
11180,median_family_income,2024,120700.0
11180,median_family_income,2026,122400.0
11200,median_family_income,2019,76000.0
11200,median_family_income,2024,97000.0
11200,median_family_income,2026,124400.0
11244,median_family_income,2019,97900.0
11244,median_family_income,2024,129000.0
11244,median_family_income,2026,138600.0
11260,median_family_income,2019,104900.0
11260,median_family_income,2024,121100.0
11260,median_family_income,2026,135100.0
11460,median_family_income,2019,101200.0
11460,median_family_income,2024,119500.0
11460,median_family_income,2026,142300.0
11500,median_family_income,2019,56200.0
11500,median_family_income,2024,73600.0
11500,median_family_income,2026,72300.0
11540,median_family_income,2019,83800.0
11540,median_family_income,2024,104000.0
11540,median_family_income,2026,111200.0
11694,median_family_income,2019,119346.0
11694,median_family_income,2024,152447.0
11694,median_family_income,2026,163610.0
11700,median_family_income,2019,66400.0
11700,median_family_income,2024,86100.0
11700,median_family_income,2026,103200.0
12020,median_family_income,2019,66700.0
12020,median_family_income,2024,90900.0
12020,median_family_income,2026,100100.0
12054,median_family_income,2019,79194.0
12054,median_family_income,2024,106079.0
12054,median_family_income,2026,117179.0
12100,median_family_income,2019,76900.0
12100,median_family_income,2024,100500.0
12100,median_family_income,2026,97500.0
12220,median_family_income,2019,71100.0
12220,median_family_income,2024,95800.0
12220,median_family_income,2026,108900.0
12260,median_family_income,2019,62800.0
12260,median_family_income,2024,86800.0
12260,median_family_income,2026,90400.0
12420,median_family_income,2019,95900.0
12420,median_family_income,2024,126000.0
12420,median_family_income,2026,134400.0
12540,median_family_income,2019,57900.0
12540,median_family_income,2024,78600.0
12540,median_family_income,2026,81900.0
12580,median_family_income,2019,101000.0
12580,median_family_income,2024,122200.0
12580,median_family_income,2026,134000.0
12620,median_family_income,2019,67041.0
12620,median_family_income,2024,87425.0
12620,median_family_income,2026,96156.0
12700,median_family_income,2019,91300.0
12700,median_family_income,2024,122700.0
12700,median_family_income,2026,123600.0
12940,median_family_income,2019,73500.0
12940,median_family_income,2024,87400.0
12940,median_family_income,2026,94500.0
12980,median_family_income,2019,64200.0
12980,median_family_income,2024,77200.0
12980,median_family_income,2026,80700.0
13020,median_family_income,2019,59200.0
13020,median_family_income,2024,79700.0
13020,median_family_income,2026,89900.0
13140,median_family_income,2019,65200.0
13140,median_family_income,2024,79700.0
13140,median_family_income,2026,87700.0
13220,median_family_income,2019,56682.0
13220,median_family_income,2024,64696.0
13220,median_family_income,2026,73604.0
13380,median_family_income,2019,79100.0
13380,median_family_income,2024,106300.0
13380,median_family_income,2026,123300.0
13460,median_family_income,2019,78600.0
13460,median_family_income,2024,105100.0
13460,median_family_income,2026,120200.0
13740,median_family_income,2019,79200.0
13740,median_family_income,2024,100500.0
13740,median_family_income,2026,113000.0
13780,median_family_income,2019,70500.0
13780,median_family_income,2024,88700.0
13780,median_family_income,2026,88600.0
13820,median_family_income,2019,74400.0
13820,median_family_income,2024,94400.0
13820,median_family_income,2026,104100.0
13900,median_family_income,2019,90900.0
13900,median_family_income,2024,108500.0
13900,median_family_income,2026,113000.0
13980,median_family_income,2019,81100.0
13980,median_family_income,2024,106700.0
13980,median_family_income,2026,119600.0
14010,median_family_income,2024,109400.0
14010,median_family_income,2026,117000.0
14020,median_family_income,2019,72205.0
14020,median_family_income,2024,101781.0
14020,median_family_income,2026,106458.0
14260,median_family_income,2019,73600.0
14260,median_family_income,2024,98700.0
14260,median_family_income,2026,110700.0
14454,median_family_income,2019,110692.0
14454,median_family_income,2024,143789.0
14454,median_family_income,2026,159777.0
14500,median_family_income,2019,113600.0
14500,median_family_income,2024,148400.0
14500,median_family_income,2026,150000.0
14540,median_family_income,2019,57900.0
14540,median_family_income,2024,85700.0
14540,median_family_income,2026,81400.0
14580,median_family_income,2019,90300.0
14580,median_family_income,2024,109000.0
14580,median_family_income,2026,130200.0
14740,median_family_income,2019,85500.0
14740,median_family_income,2024,119700.0
14740,median_family_income,2026,129600.0
14860,median_family_income,2019,121957.0
14860,median_family_income,2024,149583.0
14860,median_family_income,2026,156800.0
15180,median_family_income,2019,44000.0
15180,median_family_income,2024,60400.0
15180,median_family_income,2026,64600.0
15260,median_family_income,2019,58000.0
15260,median_family_income,2024,77000.0
15260,median_family_income,2026,92100.0
15380,median_family_income,2019,76900.0
15380,median_family_income,2024,96900.0
15380,median_family_income,2026,101500.0
15500,median_family_income,2019,61600.0
15500,median_family_income,2024,77900.0
15500,median_family_income,2026,88600.0
15540,median_family_income,2019,91600.0
15540,median_family_income,2024,118900.0
15540,median_family_income,2026,123400.0
15764,median_family_income,2019,111116.0
15764,median_family_income,2024,144103.0
15764,median_family_income,2026,158258.0
15804,median_family_income,2019,90100.0
15804,median_family_income,2024,114700.0
15804,median_family_income,2026,122700.0
15940,median_family_income,2019,66100.0
15940,median_family_income,2024,85500.0
15940,median_family_income,2026,90400.0
15980,median_family_income,2019,67100.0
15980,median_family_income,2024,88800.0
15980,median_family_income,2026,105700.0
16020,median_family_income,2019,63600.0
16020,median_family_income,2024,83100.0
16020,median_family_income,2026,90200.0
16180,median_family_income,2019,69600.0
16180,median_family_income,2024,87200.0
16180,median_family_income,2026,91000.0
16220,median_family_income,2019,75800.0
16220,median_family_income,2024,85900.0
16220,median_family_income,2026,99500.0
16300,median_family_income,2019,89300.0
16300,median_family_income,2024,100500.0
16300,median_family_income,2026,105300.0
16540,median_family_income,2019,76400.0
16540,median_family_income,2024,92700.0
16540,median_family_income,2026,99800.0
16580,median_family_income,2019,79500.0
16580,median_family_income,2024,106200.0
16580,median_family_income,2026,114300.0
16620,median_family_income,2019,65500.0
16620,median_family_income,2024,78300.0
16620,median_family_income,2026,80800.0
16700,median_family_income,2019,77900.0
16700,median_family_income,2024,105100.0
16700,median_family_income,2026,117500.0
16740,median_family_income,2019,79000.0
16740,median_family_income,2024,106000.0
16740,median_family_income,2026,117400.0
16820,median_family_income,2019,89400.0
16820,median_family_income,2024,124200.0
16820,median_family_income,2026,139800.0
16860,median_family_income,2019,70100.0
16860,median_family_income,2024,92100.0
16860,median_family_income,2026,97400.0
16940,median_family_income,2019,76700.0
16940,median_family_income,2024,95400.0
16940,median_family_income,2026,104400.0
16984,median_family_income,2019,89072.0
16984,median_family_income,2024,112117.0
16984,median_family_income,2026,121460.0
17020,median_family_income,2019,66500.0
17020,median_family_income,2024,96600.0
17020,median_family_income,2026,89400.0
17140,median_family_income,2019,81300.0
17140,median_family_income,2024,104800.0
17140,median_family_income,2026,109900.0
17300,median_family_income,2019,65000.0
17300,median_family_income,2024,84000.0
17300,median_family_income,2026,93800.0
17410,median_family_income,2019,72939.0
17410,median_family_income,2024,95978.0
17410,median_family_income,2026,103841.0
17420,median_family_income,2019,57700.0
17420,median_family_income,2024,80800.0
17420,median_family_income,2026,91700.0
17660,median_family_income,2019,64600.0
17660,median_family_income,2024,97300.0
17660,median_family_income,2026,108300.0
17780,median_family_income,2019,68500.0
17780,median_family_income,2024,93400.0
17780,median_family_income,2026,104600.0
17820,median_family_income,2019,81400.0
17820,median_family_income,2024,104000.0
17820,median_family_income,2026,116400.0
17860,median_family_income,2019,79400.0
17860,median_family_income,2024,102800.0
17860,median_family_income,2026,119200.0
17900,median_family_income,2019,68900.0
17900,median_family_income,2024,86900.0
17900,median_family_income,2026,92400.0
17980,median_family_income,2019,59600.0
17980,median_family_income,2024,68200.0
17980,median_family_income,2026,85800.0
18020,median_family_income,2019,72200.0
18020,median_family_income,2024,93600.0
18020,median_family_income,2026,94200.0
18140,median_family_income,2019,78000.0
18140,median_family_income,2024,103300.0
18140,median_family_income,2026,111500.0
18580,median_family_income,2019,66300.0
18580,median_family_income,2024,75300.0
18580,median_family_income,2026,83700.0
18700,median_family_income,2019,83700.0
18700,median_family_income,2024,109800.0
18700,median_family_income,2026,125000.0
18880,median_family_income,2019,75800.0
18880,median_family_income,2024,95700.0
18880,median_family_income,2026,106700.0
19124,median_family_income,2019,83100.0
19124,median_family_income,2024,110300.0
19124,median_family_income,2026,121100.0
19140,median_family_income,2019,54400.0
19140,median_family_income,2024,73200.0
19140,median_family_income,2026,83000.0
19300,median_family_income,2019,80500.0
19300,median_family_income,2024,89100.0
19300,median_family_income,2026,102400.0
19340,median_family_income,2019,72700.0
19340,median_family_income,2024,89500.0
19340,median_family_income,2026,97500.0
19430,median_family_income,2024,92900.0
19430,median_family_income,2026,103000.0
19460,median_family_income,2019,62800.0
19460,median_family_income,2024,82500.0
19460,median_family_income,2026,88600.0
19500,median_family_income,2019,66900.0
19500,median_family_income,2024,86900.0
19500,median_family_income,2026,95100.0
19660,median_family_income,2019,59100.0
19660,median_family_income,2024,82800.0
19660,median_family_income,2026,90800.0
19740,median_family_income,2019,92800.0
19740,median_family_income,2024,130400.0
19740,median_family_income,2026,144000.0
19780,median_family_income,2019,88000.0
19780,median_family_income,2024,113000.0
19780,median_family_income,2026,116400.0
19804,median_family_income,2019,76300.0
19804,median_family_income,2024,95900.0
19804,median_family_income,2026,104800.0
20020,median_family_income,2019,57500.0
20020,median_family_income,2024,77900.0
20020,median_family_income,2026,79300.0
20100,median_family_income,2019,66000.0
20100,median_family_income,2024,91300.0
20100,median_family_income,2026,112100.0
20220,median_family_income,2019,84100.0
20220,median_family_income,2024,106000.0
20220,median_family_income,2026,106300.0
20260,median_family_income,2019,71900.0
20260,median_family_income,2024,95200.0
20260,median_family_income,2026,101100.0
20500,median_family_income,2019,84800.0
20500,median_family_income,2024,105900.0
20500,median_family_income,2026,129900.0
20740,median_family_income,2019,73300.0
20740,median_family_income,2024,99400.0
20740,median_family_income,2026,101300.0
20940,median_family_income,2019,60700.0
20940,median_family_income,2024,65300.0
20940,median_family_income,2026,75500.0
20994,median_family_income,2019,90146.0
20994,median_family_income,2024,111177.0
20994,median_family_income,2026,122906.0
21060,median_family_income,2019,68100.0
21060,median_family_income,2024,78000.0
21060,median_family_income,2026,92100.0
21140,median_family_income,2019,69100.0
21140,median_family_income,2024,82000.0
21140,median_family_income,2026,89900.0
21300,median_family_income,2019,74000.0
21300,median_family_income,2024,76300.0
21300,median_family_income,2026,89800.0
21340,median_family_income,2019,50300.0
21340,median_family_income,2024,63200.0
21340,median_family_income,2026,73400.0
21420,median_family_income,2019,63800.0
21420,median_family_income,2024,84000.0
21420,median_family_income,2026,87000.0
21500,median_family_income,2019,66800.0
21500,median_family_income,2024,80500.0
21500,median_family_income,2026,88600.0
21660,median_family_income,2019,64900.0
21660,median_family_income,2024,89100.0
21660,median_family_income,2026,96900.0
21780,median_family_income,2019,67200.0
21780,median_family_income,2024,81400.0
21780,median_family_income,2026,93000.0
21794,median_family_income,2019,108600.0
21794,median_family_income,2024,147400.0
21794,median_family_income,2026,164400.0
21820,median_family_income,2019,92400.0
21820,median_family_income,2024,110000.0
21820,median_family_income,2026,116300.0
22020,median_family_income,2019,84100.0
22020,median_family_income,2024,105900.0
22020,median_family_income,2026,115200.0
22140,median_family_income,2019,67800.0
22140,median_family_income,2024,61600.0
22140,median_family_income,2026,80300.0
22180,median_family_income,2019,54900.0
22180,median_family_income,2024,69600.0
22180,median_family_income,2026,81900.0
22220,median_family_income,2019,69900.0
22220,median_family_income,2024,94400.0
22220,median_family_income,2026,106900.0
22380,median_family_income,2019,76400.0
22380,median_family_income,2024,85900.0
22380,median_family_income,2026,106000.0
22420,median_family_income,2019,57300.0
22420,median_family_income,2024,78300.0
22420,median_family_income,2026,82100.0
22500,median_family_income,2019,62000.0
22500,median_family_income,2024,78100.0
22500,median_family_income,2026,79300.0
22520,median_family_income,2019,66200.0
22520,median_family_income,2024,78300.0
22520,median_family_income,2026,95900.0
22540,median_family_income,2019,75300.0
22540,median_family_income,2024,95700.0
22540,median_family_income,2026,105800.0
22660,median_family_income,2019,87200.0
22660,median_family_income,2024,118800.0
22660,median_family_income,2026,130400.0
22744,median_family_income,2019,68600.0
22744,median_family_income,2024,89100.0
22744,median_family_income,2026,102500.0
22900,median_family_income,2019,52900.0
22900,median_family_income,2024,66500.0
22900,median_family_income,2026,76800.0
23060,median_family_income,2019,68800.0
23060,median_family_income,2024,88000.0
23060,median_family_income,2026,95100.0
23104,median_family_income,2019,75749.0
23104,median_family_income,2024,101808.0
23104,median_family_income,2026,110358.0
23224,median_family_income,2019,121300.0
23224,median_family_income,2024,154700.0
23224,median_family_income,2026,166100.0
23420,median_family_income,2019,57300.0
23420,median_family_income,2024,84300.0
23420,median_family_income,2026,91300.0
23460,median_family_income,2019,57100.0
23460,median_family_income,2024,72800.0
23460,median_family_income,2026,78600.0
23540,median_family_income,2019,71100.0
23540,median_family_income,2024,96700.0
23540,median_family_income,2026,99100.0
23580,median_family_income,2019,66800.0
23580,median_family_income,2024,92700.0
23580,median_family_income,2026,102000.0
23900,median_family_income,2019,79400.0
23900,median_family_income,2024,96900.0
23900,median_family_income,2026,106800.0
24020,median_family_income,2019,69700.0
24020,median_family_income,2024,92400.0
24020,median_family_income,2026,94100.0
24140,median_family_income,2019,58500.0
24140,median_family_income,2024,70700.0
24140,median_family_income,2026,70300.0
24220,median_family_income,2019,78500.0
24220,median_family_income,2024,104300.0
24220,median_family_income,2026,106800.0
24260,median_family_income,2019,62941.0
24260,median_family_income,2024,82527.0
24260,median_family_income,2026,90690.0
24300,median_family_income,2019,69700.0
24300,median_family_income,2024,86400.0
24300,median_family_income,2026,100600.0
24340,median_family_income,2019,76600.0
24340,median_family_income,2024,100700.0
24340,median_family_income,2026,106600.0
24420,median_family_income,2019,48800.0
24420,median_family_income,2024,76000.0
24420,median_family_income,2026,76700.0
24500,median_family_income,2019,63300.0
24500,median_family_income,2024,85300.0
24500,median_family_income,2026,89000.0
24540,median_family_income,2019,79200.0
24540,median_family_income,2024,114500.0
24540,median_family_income,2026,128000.0
24580,median_family_income,2019,81800.0
24580,median_family_income,2024,98000.0
24580,median_family_income,2026,106300.0
24660,median_family_income,2019,61300.0
24660,median_family_income,2024,83000.0
24660,median_family_income,2026,91500.0
24780,median_family_income,2019,67300.0
24780,median_family_income,2024,84700.0
24780,median_family_income,2026,88800.0
24860,median_family_income,2019,71700.0
24860,median_family_income,2024,88600.0
24860,median_family_income,2026,106400.0
25060,median_family_income,2019,57400.0
25060,median_family_income,2024,76000.0
25060,median_family_income,2026,83100.0
25180,median_family_income,2019,74729.0
25180,median_family_income,2024,86374.0
25180,median_family_income,2026,100582.0
25220,median_family_income,2019,66300.0
25220,median_family_income,2024,76300.0
25220,median_family_income,2026,65800.0
25260,median_family_income,2019,58100.0
25260,median_family_income,2024,75900.0
25260,median_family_income,2026,84900.0
25420,median_family_income,2019,81100.0
25420,median_family_income,2024,97900.0
25420,median_family_income,2026,109300.0
25500,median_family_income,2019,70700.0
25500,median_family_income,2024,89700.0
25500,median_family_income,2026,97700.0
25540,median_family_income,2019,97900.0
25540,median_family_income,2024,121800.0
25540,median_family_income,2026,129200.0
25620,median_family_income,2019,62800.0
25620,median_family_income,2024,73200.0
25620,median_family_income,2026,79800.0
25740,median_family_income,2019,83126.0
25740,median_family_income,2024,90095.0
25740,median_family_income,2026,118628.0
25860,median_family_income,2019,55100.0
25860,median_family_income,2024,78100.0
25860,median_family_income,2026,85200.0
25940,median_family_income,2019,77541.0
25940,median_family_income,2024,101507.0
25940,median_family_income,2026,108658.0
25980,median_family_income,2019,52400.0
25980,median_family_income,2024,79900.0
25980,median_family_income,2026,71000.0
26140,median_family_income,2019,52700.0
26140,median_family_income,2024,66500.0
26140,median_family_income,2026,81400.0
26300,median_family_income,2019,60000.0
26300,median_family_income,2024,70900.0
26300,median_family_income,2026,81600.0
26380,median_family_income,2019,60800.0
26380,median_family_income,2024,79600.0
26380,median_family_income,2026,86600.0
26420,median_family_income,2019,76300.0
26420,median_family_income,2024,94600.0
26420,median_family_income,2026,104000.0
26580,median_family_income,2019,56400.0
26580,median_family_income,2024,71300.0
26580,median_family_income,2026,83300.0
26620,median_family_income,2019,84900.0
26620,median_family_income,2024,113600.0
26620,median_family_income,2026,115100.0
26820,median_family_income,2019,72500.0
26820,median_family_income,2024,87200.0
26820,median_family_income,2026,101100.0
26900,median_family_income,2019,79900.0
26900,median_family_income,2024,102900.0
26900,median_family_income,2026,110300.0
26980,median_family_income,2019,93381.0
26980,median_family_income,2024,111717.0
26980,median_family_income,2026,117925.0
27060,median_family_income,2019,83900.0
27060,median_family_income,2024,110200.0
27060,median_family_income,2026,118000.0
27100,median_family_income,2019,64600.0
27100,median_family_income,2024,84300.0
27100,median_family_income,2026,101200.0
27140,median_family_income,2019,67200.0
27140,median_family_income,2024,83500.0
27140,median_family_income,2026,91400.0
27180,median_family_income,2019,53100.0
27180,median_family_income,2024,81100.0
27180,median_family_income,2026,79500.0
27260,median_family_income,2019,73500.0
27260,median_family_income,2024,98100.0
27260,median_family_income,2026,108700.0
27340,median_family_income,2019,57600.0
27340,median_family_income,2024,76200.0
27340,median_family_income,2026,85400.0
27500,median_family_income,2019,65600.0
27500,median_family_income,2024,85700.0
27500,median_family_income,2026,94500.0
27620,median_family_income,2019,75600.0
27620,median_family_income,2024,101400.0
27620,median_family_income,2026,105500.0
27740,median_family_income,2019,53900.0
27740,median_family_income,2024,80100.0
27740,median_family_income,2026,76800.0
27780,median_family_income,2019,63800.0
27780,median_family_income,2024,76500.0
27780,median_family_income,2026,84500.0
27860,median_family_income,2019,53223.0
27860,median_family_income,2024,82318.0
27860,median_family_income,2026,73956.0
27900,median_family_income,2019,58200.0
27900,median_family_income,2024,73300.0
27900,median_family_income,2026,80200.0
27980,median_family_income,2019,83800.0
27980,median_family_income,2024,110800.0
27980,median_family_income,2026,121400.0
28020,median_family_income,2019,73900.0
28020,median_family_income,2024,102500.0
28020,median_family_income,2026,108100.0
28100,median_family_income,2019,69200.0
28100,median_family_income,2024,102400.0
28100,median_family_income,2026,102200.0
28140,median_family_income,2019,82700.0
28140,median_family_income,2024,103100.0
28140,median_family_income,2026,113400.0
28420,median_family_income,2019,78000.0
28420,median_family_income,2024,99900.0
28420,median_family_income,2026,105400.0
28450,median_family_income,2019,81600.0
28450,median_family_income,2024,97800.0
28450,median_family_income,2026,117300.0
28660,median_family_income,2019,63900.0
28660,median_family_income,2024,75300.0
28660,median_family_income,2026,85100.0
28700,median_family_income,2019,55100.0
28700,median_family_income,2024,70300.0
28700,median_family_income,2026,81800.0
28740,median_family_income,2019,83300.0
28740,median_family_income,2024,117200.0
28740,median_family_income,2026,117300.0
28880,median_family_income,2019,96600.0
28880,median_family_income,2024,114800.0
28880,median_family_income,2026,125900.0
28940,median_family_income,2019,69900.0
28940,median_family_income,2024,91000.0
28940,median_family_income,2026,103700.0
29020,median_family_income,2019,65200.0
29020,median_family_income,2024,74400.0
29020,median_family_income,2026,96200.0
29100,median_family_income,2019,78600.0
29100,median_family_income,2024,98400.0
29100,median_family_income,2026,105800.0
29180,median_family_income,2019,66000.0
29180,median_family_income,2024,85000.0
29180,median_family_income,2026,90300.0
29200,median_family_income,2019,70063.0
29200,median_family_income,2024,83297.0
29200,median_family_income,2026,99275.0
29340,median_family_income,2019,57200.0
29340,median_family_income,2024,79000.0
29340,median_family_income,2026,93000.0
29404,median_family_income,2019,89100.0
29404,median_family_income,2024,112100.0
29404,median_family_income,2026,121500.0
29414,median_family_income,2019,72621.0
29414,median_family_income,2024,91116.0
29414,median_family_income,2026,100748.0
29420,median_family_income,2019,56200.0
29420,median_family_income,2024,68200.0
29420,median_family_income,2026,79900.0
29460,median_family_income,2019,58200.0
29460,median_family_income,2024,76400.0
29460,median_family_income,2026,83900.0
29484,median_family_income,2019,110051.0
29484,median_family_income,2024,138157.0
29484,median_family_income,2026,147479.0
29540,median_family_income,2019,76200.0
29540,median_family_income,2024,106700.0
29540,median_family_income,2026,109200.0
29620,median_family_income,2019,74300.0
29620,median_family_income,2024,92300.0
29620,median_family_income,2026,102600.0
29700,median_family_income,2019,40600.0
29700,median_family_income,2024,67700.0
29700,median_family_income,2026,74000.0
29740,median_family_income,2019,50800.0
29740,median_family_income,2024,65800.0
29740,median_family_income,2026,79900.0
29820,median_family_income,2019,67800.0
29820,median_family_income,2024,87800.0
29820,median_family_income,2026,98200.0
29940,median_family_income,2019,81900.0
29940,median_family_income,2024,102000.0
29940,median_family_income,2026,110400.0
30020,median_family_income,2019,71300.0
30020,median_family_income,2024,71200.0
30020,median_family_income,2026,79600.0
30140,median_family_income,2019,71600.0
30140,median_family_income,2024,89100.0
30140,median_family_income,2026,98200.0
30300,median_family_income,2019,63100.0
30300,median_family_income,2024,84300.0
30300,median_family_income,2026,102900.0
30340,median_family_income,2019,62600.0
30340,median_family_income,2024,77500.0
30340,median_family_income,2026,96600.0
30460,median_family_income,2019,74500.0
30460,median_family_income,2024,95200.0
30460,median_family_income,2026,102100.0
30500,median_family_income,2019,110526.0
30500,median_family_income,2024,148763.0
30500,median_family_income,2026,152374.0
30620,median_family_income,2019,60500.0
30620,median_family_income,2024,84700.0
30620,median_family_income,2026,85700.0
30700,median_family_income,2019,80400.0
30700,median_family_income,2024,102100.0
30700,median_family_income,2026,106600.0
30780,median_family_income,2019,69600.0
30780,median_family_income,2024,86500.0
30780,median_family_income,2026,93700.0
30860,median_family_income,2019,66600.0
30860,median_family_income,2024,95800.0
30860,median_family_income,2026,99100.0
30980,median_family_income,2019,57400.0
30980,median_family_income,2024,77900.0
30980,median_family_income,2026,80600.0
31020,median_family_income,2019,68300.0
31020,median_family_income,2024,86400.0
31020,median_family_income,2026,106700.0
31084,median_family_income,2019,73100.0
31084,median_family_income,2024,98200.0
31084,median_family_income,2026,108100.0
31140,median_family_income,2019,76400.0
31140,median_family_income,2024,96400.0
31140,median_family_income,2026,99000.0
31180,median_family_income,2019,62200.0
31180,median_family_income,2024,85700.0
31180,median_family_income,2026,90900.0
31340,median_family_income,2019,68900.0
31340,median_family_income,2024,81100.0
31340,median_family_income,2026,88300.0
31420,median_family_income,2019,53900.0
31420,median_family_income,2024,70700.0
31420,median_family_income,2026,74400.0
31540,median_family_income,2019,100400.0
31540,median_family_income,2024,125900.0
31540,median_family_income,2026,135300.0
31700,median_family_income,2019,96264.0
31700,median_family_income,2024,125108.0
31700,median_family_income,2026,136953.0
31740,median_family_income,2019,83800.0
31740,median_family_income,2024,91900.0
31740,median_family_income,2026,112000.0
31860,median_family_income,2019,78500.0
31860,median_family_income,2024,100600.0
31860,median_family_income,2026,106500.0
31900,median_family_income,2019,56700.0
31900,median_family_income,2024,76000.0
31900,median_family_income,2026,92500.0
31924,median_family_income,2019,79131.0
31924,median_family_income,2024,106063.0
31924,median_family_income,2026,117204.0
32580,median_family_income,2019,41900.0
32580,median_family_income,2024,57300.0
32580,median_family_income,2026,64000.0
32780,median_family_income,2019,66300.0
32780,median_family_income,2024,87800.0
32780,median_family_income,2026,98100.0
32820,median_family_income,2019,65900.0
32820,median_family_income,2024,85200.0
32820,median_family_income,2026,92700.0
32900,median_family_income,2019,55500.0
32900,median_family_income,2024,78500.0
32900,median_family_income,2026,75800.0
33124,median_family_income,2019,54900.0
33124,median_family_income,2024,79400.0
33124,median_family_income,2026,89800.0
33140,median_family_income,2019,70400.0
33140,median_family_income,2024,81800.0
33140,median_family_income,2026,89300.0
33220,median_family_income,2019,74600.0
33220,median_family_income,2024,105900.0
33220,median_family_income,2026,107200.0
33260,median_family_income,2019,79400.0
33260,median_family_income,2024,91800.0
33260,median_family_income,2026,108900.0
33340,median_family_income,2019,82300.0
33340,median_family_income,2024,102100.0
33340,median_family_income,2026,108400.0
33460,median_family_income,2019,100000.0
33460,median_family_income,2024,124200.0
33460,median_family_income,2026,131500.0
33500,median_family_income,2019,82948.0
33500,median_family_income,2024,109370.0
33500,median_family_income,2026,95944.0
33540,median_family_income,2019,73300.0
33540,median_family_income,2024,90200.0
33540,median_family_income,2026,110100.0
33660,median_family_income,2019,60600.0
33660,median_family_income,2024,78100.0
33660,median_family_income,2026,83300.0
33700,median_family_income,2019,64500.0
33700,median_family_income,2024,91100.0
33700,median_family_income,2026,94600.0
33740,median_family_income,2019,51200.0
33740,median_family_income,2024,65400.0
33740,median_family_income,2026,78700.0
33780,median_family_income,2019,79000.0
33780,median_family_income,2024,96500.0
33780,median_family_income,2026,95200.0
33860,median_family_income,2019,65900.0
33860,median_family_income,2024,82500.0
33860,median_family_income,2026,88800.0
33874,median_family_income,2019,90100.0
33874,median_family_income,2024,114700.0
33874,median_family_income,2026,122700.0
34060,median_family_income,2019,74600.0
34060,median_family_income,2024,90900.0
34060,median_family_income,2026,103000.0
34100,median_family_income,2019,57800.0
34100,median_family_income,2024,80900.0
34100,median_family_income,2026,80100.0
34580,median_family_income,2019,79100.0
34580,median_family_income,2024,102800.0
34580,median_family_income,2026,120200.0
34620,median_family_income,2019,60100.0
34620,median_family_income,2024,73400.0
34620,median_family_income,2026,79600.0
34740,median_family_income,2019,55600.0
34740,median_family_income,2024,73900.0
34740,median_family_income,2026,77500.0
34820,median_family_income,2019,61200.0
34820,median_family_income,2024,79700.0
34820,median_family_income,2026,86000.0
34900,median_family_income,2019,100400.0
34900,median_family_income,2024,121100.0
34900,median_family_income,2026,165400.0
34940,median_family_income,2019,78300.0
34940,median_family_income,2024,104300.0
34940,median_family_income,2026,121000.0
34980,median_family_income,2019,80000.0
34980,median_family_income,2024,106900.0
34980,median_family_income,2026,116100.0
35004,median_family_income,2019,124000.0
35004,median_family_income,2024,156200.0
35004,median_family_income,2026,164300.0
35084,median_family_income,2019,101632.0
35084,median_family_income,2024,131227.0
35084,median_family_income,2026,139356.0
35300,median_family_income,2019,93917.0
35300,median_family_income,2024,117411.0
35300,median_family_income,2026,123200.0
35380,median_family_income,2019,67400.0
35380,median_family_income,2024,86800.0
35380,median_family_income,2026,88600.0
35614,median_family_income,2019,82708.0
35614,median_family_income,2024,106488.0
35614,median_family_income,2026,108901.0
35660,median_family_income,2019,66500.0
35660,median_family_income,2024,85700.0
35660,median_family_income,2026,92200.0
35840,median_family_income,2019,70900.0
35840,median_family_income,2024,97000.0
35840,median_family_income,2026,109700.0
35980,median_family_income,2019,94500.0
35980,median_family_income,2024,107000.0
35980,median_family_income,2026,111900.0
36084,median_family_income,2019,111700.0
36084,median_family_income,2024,155700.0
36084,median_family_income,2026,162800.0
36100,median_family_income,2019,50200.0
36100,median_family_income,2024,73700.0
36100,median_family_income,2026,84000.0
36220,median_family_income,2019,73900.0
36220,median_family_income,2024,82000.0
36220,median_family_income,2026,91100.0
36260,median_family_income,2019,85000.0
36260,median_family_income,2024,110400.0
36260,median_family_income,2026,117900.0
36420,median_family_income,2019,73800.0
36420,median_family_income,2024,89500.0
36420,median_family_income,2026,97300.0
36500,median_family_income,2019,83700.0
36500,median_family_income,2024,116700.0
36500,median_family_income,2026,122800.0
36540,median_family_income,2019,86000.0
36540,median_family_income,2024,109500.0
36540,median_family_income,2026,114000.0
36740,median_family_income,2019,65100.0
36740,median_family_income,2024,90400.0
36740,median_family_income,2026,97600.0
36780,median_family_income,2019,80800.0
36780,median_family_income,2024,99100.0
36780,median_family_income,2026,100500.0
36980,median_family_income,2019,70400.0
36980,median_family_income,2024,82600.0
36980,median_family_income,2026,92100.0
37100,median_family_income,2019,97800.0
37100,median_family_income,2024,125600.0
37100,median_family_income,2026,135600.0
37140,median_family_income,2019,58247.0
37140,median_family_income,2024,89587.0
37140,median_family_income,2026,96502.0
37340,median_family_income,2019,65900.0
37340,median_family_income,2024,99700.0
37340,median_family_income,2026,97000.0
37460,median_family_income,2019,64300.0
37460,median_family_income,2024,85900.0
37460,median_family_income,2026,98900.0
37620,median_family_income,2019,61000.0
37620,median_family_income,2024,74700.0
37620,median_family_income,2026,74100.0
37860,median_family_income,2019,69200.0
37860,median_family_income,2024,92200.0
37860,median_family_income,2026,92800.0
37900,median_family_income,2019,76900.0
37900,median_family_income,2024,92100.0
37900,median_family_income,2026,106100.0
37964,median_family_income,2019,90100.0
37964,median_family_income,2024,114700.0
37964,median_family_income,2026,122700.0
38060,median_family_income,2019,72900.0
38060,median_family_income,2024,101300.0
38060,median_family_income,2026,112400.0
38240,median_family_income,2019,78700.0
38240,median_family_income,2024,107200.0
38240,median_family_income,2026,106300.0
38300,median_family_income,2019,79900.0
38300,median_family_income,2024,101200.0
38300,median_family_income,2026,110400.0
38340,median_family_income,2019,80000.0
38340,median_family_income,2024,100900.0
38340,median_family_income,2026,109400.0
38540,median_family_income,2019,62900.0
38540,median_family_income,2024,87000.0
38540,median_family_income,2026,100800.0
38860,median_family_income,2019,85241.0
38860,median_family_income,2024,115706.0
38860,median_family_income,2026,125700.0
38900,median_family_income,2019,87900.0
38900,median_family_income,2024,116900.0
38900,median_family_income,2026,128300.0
38940,median_family_income,2019,59500.0
38940,median_family_income,2024,87800.0
38940,median_family_income,2026,102000.0
39150,median_family_income,2024,85300.0
39150,median_family_income,2026,92200.0
39300,median_family_income,2019,81900.0
39300,median_family_income,2024,112400.0
39300,median_family_income,2026,112100.0
39340,median_family_income,2019,79600.0
39340,median_family_income,2024,109500.0
39340,median_family_income,2026,119200.0
39380,median_family_income,2019,65200.0
39380,median_family_income,2024,76900.0
39380,median_family_income,2026,87700.0
39460,median_family_income,2019,57300.0
39460,median_family_income,2024,77900.0
39460,median_family_income,2026,97500.0
39540,median_family_income,2019,69400.0
39540,median_family_income,2024,97300.0
39540,median_family_income,2026,104300.0
39580,median_family_income,2019,93100.0
39580,median_family_income,2024,122300.0
39580,median_family_income,2026,132300.0
39660,median_family_income,2019,67500.0
39660,median_family_income,2024,86800.0
39660,median_family_income,2026,101300.0
39740,median_family_income,2019,76300.0
39740,median_family_income,2024,93700.0
39740,median_family_income,2026,102100.0
39820,median_family_income,2019,61900.0
39820,median_family_income,2024,89100.0
39820,median_family_income,2026,97100.0
39900,median_family_income,2019,78100.0
39900,median_family_income,2024,101200.0
39900,median_family_income,2026,116800.0
40060,median_family_income,2019,86400.0
40060,median_family_income,2024,110300.0
40060,median_family_income,2026,113500.0
40140,median_family_income,2019,69700.0
40140,median_family_income,2024,97500.0
40140,median_family_income,2026,106500.0
40220,median_family_income,2019,73100.0
40220,median_family_income,2024,87100.0
40220,median_family_income,2026,98500.0
40340,median_family_income,2019,93800.0
40340,median_family_income,2024,117200.0
40340,median_family_income,2026,135800.0
40380,median_family_income,2019,75700.0
40380,median_family_income,2024,97000.0
40380,median_family_income,2026,107000.0
40420,median_family_income,2019,63600.0
40420,median_family_income,2024,89000.0
40420,median_family_income,2026,89400.0
40484,median_family_income,2019,99010.0
40484,median_family_income,2024,131920.0
40484,median_family_income,2026,141726.0
40580,median_family_income,2019,54700.0
40580,median_family_income,2024,68500.0
40580,median_family_income,2026,80200.0
40660,median_family_income,2019,65100.0
40660,median_family_income,2024,73500.0
40660,median_family_income,2026,86500.0
40900,median_family_income,2019,83600.0
40900,median_family_income,2024,113300.0
40900,median_family_income,2026,124000.0
40980,median_family_income,2019,63600.0
40980,median_family_income,2024,74800.0
40980,median_family_income,2026,83200.0
41060,median_family_income,2019,76300.0
41060,median_family_income,2024,97800.0
41060,median_family_income,2026,107100.0
41100,median_family_income,2019,67500.0
41100,median_family_income,2024,101200.0
41100,median_family_income,2026,105900.0
41140,median_family_income,2019,64300.0
41140,median_family_income,2024,81500.0
41140,median_family_income,2026,91800.0
41180,median_family_income,2019,81300.0
41180,median_family_income,2024,103200.0
41180,median_family_income,2026,113500.0
41304,median_family_income,2019,66900.0
41304,median_family_income,2024,92000.0
41304,median_family_income,2026,104700.0
41420,median_family_income,2019,69400.0
41420,median_family_income,2024,91300.0
41420,median_family_income,2026,103400.0
41500,median_family_income,2019,74100.0
41500,median_family_income,2024,103200.0
41500,median_family_income,2026,110500.0
41540,median_family_income,2019,65600.0
41540,median_family_income,2024,94000.0
41540,median_family_income,2026,104700.0
41620,median_family_income,2019,82700.0
41620,median_family_income,2024,115500.0
41620,median_family_income,2026,126100.0
41660,median_family_income,2019,64900.0
41660,median_family_income,2024,78000.0
41660,median_family_income,2026,90900.0
41700,median_family_income,2019,71000.0
41700,median_family_income,2024,88500.0
41700,median_family_income,2026,100600.0
41740,median_family_income,2019,86300.0
41740,median_family_income,2024,119500.0
41740,median_family_income,2026,130900.0
41780,median_family_income,2019,69924.0
41780,median_family_income,2024,95552.0
41780,median_family_income,2026,104392.0
41884,median_family_income,2019,136800.0
41884,median_family_income,2024,186600.0
41884,median_family_income,2026,200800.0
41940,median_family_income,2019,131400.0
41940,median_family_income,2024,184300.0
41940,median_family_income,2026,205500.0
42020,median_family_income,2019,87500.0
42020,median_family_income,2024,125600.0
42020,median_family_income,2026,129600.0
42034,median_family_income,2019,136800.0
42034,median_family_income,2024,186600.0
42034,median_family_income,2026,200800.0
42100,median_family_income,2019,98000.0
42100,median_family_income,2024,127300.0
42100,median_family_income,2026,137200.0
42140,median_family_income,2019,73200.0
42140,median_family_income,2024,91500.0
42140,median_family_income,2026,118600.0
42200,median_family_income,2019,79300.0
42200,median_family_income,2024,119100.0
42200,median_family_income,2026,118600.0
42220,median_family_income,2019,93300.0
42220,median_family_income,2024,128400.0
42220,median_family_income,2026,133400.0
42340,median_family_income,2019,75400.0
42340,median_family_income,2024,92400.0
42340,median_family_income,2026,107300.0
42540,median_family_income,2019,67000.0
42540,median_family_income,2024,83000.0
42540,median_family_income,2026,92400.0
42644,median_family_income,2019,108600.0
42644,median_family_income,2024,147400.0
42644,median_family_income,2026,164400.0
42680,median_family_income,2019,65000.0
42680,median_family_income,2024,82800.0
42680,median_family_income,2026,105200.0
42700,median_family_income,2019,46300.0
42700,median_family_income,2024,70600.0
42700,median_family_income,2026,75600.0
43100,median_family_income,2019,76900.0
43100,median_family_income,2024,86800.0
43100,median_family_income,2026,103200.0
43300,median_family_income,2019,67500.0
43300,median_family_income,2024,92100.0
43300,median_family_income,2026,95300.0
43340,median_family_income,2019,57500.0
43340,median_family_income,2024,75200.0
43340,median_family_income,2026,79200.0
43420,median_family_income,2019,54100.0
43420,median_family_income,2024,70700.0
43420,median_family_income,2026,78500.0
43580,median_family_income,2019,69500.0
43580,median_family_income,2024,92500.0
43580,median_family_income,2026,97900.0
43620,median_family_income,2019,86200.0
43620,median_family_income,2024,107600.0
43620,median_family_income,2026,118700.0
43640,median_family_income,2019,67400.0
43640,median_family_income,2024,86800.0
43640,median_family_income,2026,107700.0
43780,median_family_income,2019,65600.0
43780,median_family_income,2024,89000.0
43780,median_family_income,2026,88100.0
43900,median_family_income,2019,62100.0
43900,median_family_income,2024,72500.0
43900,median_family_income,2026,91200.0
44060,median_family_income,2019,72700.0
44060,median_family_income,2024,100100.0
44060,median_family_income,2026,110500.0
44100,median_family_income,2019,76400.0
44100,median_family_income,2024,105600.0
44100,median_family_income,2026,114900.0
44140,median_family_income,2019,76000.0
44140,median_family_income,2024,97000.0
44140,median_family_income,2026,96700.0
44180,median_family_income,2019,62900.0
44180,median_family_income,2024,81500.0
44180,median_family_income,2026,91400.0
44220,median_family_income,2019,62200.0
44220,median_family_income,2024,70700.0
44220,median_family_income,2026,83700.0
44300,median_family_income,2019,93000.0
44300,median_family_income,2024,108200.0
44300,median_family_income,2026,118300.0
44420,median_family_income,2019,69200.0
44420,median_family_income,2024,89900.0
44420,median_family_income,2026,98500.0
44700,median_family_income,2019,71400.0
44700,median_family_income,2024,103800.0
44700,median_family_income,2026,108100.0
44940,median_family_income,2019,50300.0
44940,median_family_income,2024,70500.0
44940,median_family_income,2026,74200.0
45060,median_family_income,2019,79500.0
45060,median_family_income,2024,94800.0
45060,median_family_income,2026,106800.0
45104,median_family_income,2019,80200.0
45104,median_family_income,2024,112300.0
45104,median_family_income,2026,127300.0
45220,median_family_income,2019,68900.0
45220,median_family_income,2024,88700.0
45220,median_family_income,2026,99500.0
45294,median_family_income,2019,66900.0
45294,median_family_income,2024,92000.0
45294,median_family_income,2026,104700.0
45460,median_family_income,2019,61300.0
45460,median_family_income,2024,78100.0
45460,median_family_income,2026,71400.0
45500,median_family_income,2019,54600.0
45500,median_family_income,2024,69600.0
45500,median_family_income,2026,78300.0
45780,median_family_income,2019,68900.0
45780,median_family_income,2024,86800.0
45780,median_family_income,2026,95400.0
45820,median_family_income,2019,75400.0
45820,median_family_income,2024,87300.0
45820,median_family_income,2026,98800.0
45900,median_family_income,2019,72822.0
45900,median_family_income,2024,96938.0
45900,median_family_income,2026,109729.0
45940,median_family_income,2019,105800.0
45940,median_family_income,2024,125900.0
45940,median_family_income,2026,139800.0
46060,median_family_income,2019,63900.0
46060,median_family_income,2024,90200.0
46060,median_family_income,2026,99800.0
46140,median_family_income,2019,69700.0
46140,median_family_income,2024,86600.0
46140,median_family_income,2026,95000.0
46220,median_family_income,2019,66900.0
46220,median_family_income,2024,87200.0
46220,median_family_income,2026,93000.0
46300,median_family_income,2019,62871.0
46300,median_family_income,2024,80485.0
46300,median_family_income,2026,95712.0
46340,median_family_income,2019,70900.0
46340,median_family_income,2024,87300.0
46340,median_family_income,2026,97300.0
46520,median_family_income,2019,99000.0
46520,median_family_income,2024,120100.0
46520,median_family_income,2026,133400.0
46540,median_family_income,2019,70400.0
46540,median_family_income,2024,87900.0
46540,median_family_income,2026,98500.0
46660,median_family_income,2019,54200.0
46660,median_family_income,2024,70000.0
46660,median_family_income,2026,82600.0
46700,median_family_income,2019,85700.0
46700,median_family_income,2024,113200.0
46700,median_family_income,2026,120300.0
47020,median_family_income,2019,68100.0
47020,median_family_income,2024,88300.0
47020,median_family_income,2026,81300.0
47220,median_family_income,2019,64500.0
47220,median_family_income,2024,75800.0
47220,median_family_income,2026,89100.0
47260,median_family_income,2019,79300.0
47260,median_family_income,2024,100700.0
47260,median_family_income,2026,107700.0
47300,median_family_income,2019,50900.0
47300,median_family_income,2024,72000.0
47300,median_family_income,2026,76400.0
47380,median_family_income,2019,64500.0
47380,median_family_income,2024,83800.0
47380,median_family_income,2026,90300.0
47460,median_family_income,2024,90200.0
47460,median_family_income,2026,102300.0
47580,median_family_income,2019,75300.0
47580,median_family_income,2024,91900.0
47580,median_family_income,2026,99100.0
47664,median_family_income,2019,78300.0
47664,median_family_income,2024,98073.0
47664,median_family_income,2026,106620.0
47764,median_family_income,2019,121300.0
47764,median_family_income,2024,154700.0
47764,median_family_income,2026,166100.0
47930,median_family_income,2019,89899.0
47930,median_family_income,2024,108056.0
47930,median_family_income,2026,114000.0
47940,median_family_income,2019,74600.0
47940,median_family_income,2024,85500.0
47940,median_family_income,2026,91000.0
48060,median_family_income,2019,58600.0
48060,median_family_income,2024,73100.0
48060,median_family_income,2026,86600.0
48140,median_family_income,2019,73200.0
48140,median_family_income,2024,94800.0
48140,median_family_income,2026,103600.0
48260,median_family_income,2019,59100.0
48260,median_family_income,2024,72100.0
48260,median_family_income,2026,80600.0
48300,median_family_income,2019,68400.0
48300,median_family_income,2024,100300.0
48300,median_family_income,2026,99100.0
48424,median_family_income,2019,75400.0
48424,median_family_income,2024,104000.0
48424,median_family_income,2026,107600.0
48540,median_family_income,2019,65200.0
48540,median_family_income,2024,80600.0
48540,median_family_income,2026,78900.0
48620,median_family_income,2019,72900.0
48620,median_family_income,2024,91500.0
48620,median_family_income,2026,96500.0
48660,median_family_income,2019,59600.0
48660,median_family_income,2024,81400.0
48660,median_family_income,2026,91200.0
48680,median_family_income,2019,71300.0
48680,median_family_income,2024,88300.0
48680,median_family_income,2026,104100.0
48700,median_family_income,2019,64000.0
48700,median_family_income,2024,86600.0
48700,median_family_income,2026,85200.0
48864,median_family_income,2019,90100.0
48864,median_family_income,2024,114700.0
48864,median_family_income,2026,122700.0
48900,median_family_income,2019,72800.0
48900,median_family_income,2024,101100.0
48900,median_family_income,2026,109200.0
49020,median_family_income,2019,73500.0
49020,median_family_income,2024,110000.0
49020,median_family_income,2026,107000.0
49180,median_family_income,2019,61900.0
49180,median_family_income,2024,81900.0
49180,median_family_income,2026,96700.0
49340,median_family_income,2019,97700.0
49340,median_family_income,2024,117300.0
49340,median_family_income,2026,130400.0
49420,median_family_income,2019,60600.0
49420,median_family_income,2024,78600.0
49420,median_family_income,2026,88600.0
49620,median_family_income,2019,76600.0
49620,median_family_income,2024,105100.0
49620,median_family_income,2026,105900.0
49660,median_family_income,2019,59800.0
49660,median_family_income,2024,73600.0
49660,median_family_income,2026,81900.0
49700,median_family_income,2019,59500.0
49700,median_family_income,2024,82200.0
49700,median_family_income,2026,101900.0
49740,median_family_income,2019,50900.0
49740,median_family_income,2024,63900.0
49740,median_family_income,2026,79300.0
