model,horizon,n_cal,margin,crossed
no_change,1,6560,0.014172917808432925,0
no_change,2,6560,0.029721015065989932,0
no_change,4,6560,0.036137120733193084,0
no_change,8,6560,0.007891830703344205,0
momentum,1,6560,0.007229069876852186,0
momentum,2,6560,0.017848303655876863,0
momentum,4,6560,0.03752064854869719,0
momentum,8,6560,0.008627110740854427,0
metro_mean,1,6560,0.016307074552075612,0
metro_mean,2,6560,0.03454268750747764,0
metro_mean,4,6560,0.0483586681792553,0
metro_mean,8,6560,0.02786094965948721,0
ridge,1,6560,0.008874397692337485,0
ridge,2,6560,0.02226699072039673,0
ridge,4,6560,0.037485827721864956,0
ridge,8,6560,0.008704061401525132,0
gbm,1,6560,0.008851823624192838,0
gbm,2,6560,0.015611356730773948,0
gbm,4,6560,0.027214461036697446,0
gbm,8,6560,0.0259359880000104,0
