model,against,horizon,origins,samples,difference,statistic,p_value
seqgru,no_change,1,18,7378,-0.34373340871529146,-1.789206354934422,0.0914129852255687
seqgru,no_change,2,18,7378,-1.0447280813799926,-1.7704779630170862,0.09457654350270026
seqgru,no_change,4,18,7378,-3.1263305572179108,-2.643921980441644,0.01705463585015081
seqgru,no_change,8,18,7378,-7.307164519218375,-2.60758611131502,0.018389150767575323
seqgru,momentum,1,18,7378,-0.14185893843950476,-0.9566921906134092,0.35213100722896923
seqgru,momentum,2,18,7378,-0.273058036739805,-0.7057572848337843,0.4898983259588031
seqgru,momentum,4,18,7378,-1.351643433837311,-1.089278544433039,0.2912320344352449
seqgru,momentum,8,18,7378,-4.810065191643104,-1.0721014735185699,0.2986589303911128
seqgru,metro_mean,1,18,7378,-0.06420931583565381,-0.6125949799681107,0.5482519462550728
seqgru,metro_mean,2,18,7378,-0.23214731623783058,-0.6266447171524738,0.5392168647937307
seqgru,metro_mean,4,18,7378,-0.5960359842943271,-0.7165719339423222,0.4833673029252545
seqgru,metro_mean,8,18,7378,-1.0728863798658885,-0.6020151032953232,0.5551091023880084
seqgru,ridge,1,18,7378,0.08462846747669472,0.8682991459971031,0.3973231932773714
seqgru,ridge,2,18,7378,0.1319453661081431,1.5801000246041959,0.13250946376373357
seqgru,ridge,4,18,7378,0.03317667665589324,0.07212715270298622,0.9433425127266017
seqgru,ridge,8,18,7378,0.20418220753878916,0.36839012054275716,0.7171296654783378
seqgru,gbm,1,18,7378,-0.019760477554185127,-0.10817283097679128,0.9151250811330677
seqgru,gbm,2,18,7378,-0.2086140030776883,-0.49424373952490447,0.6274597364179442
seqgru,gbm,4,18,7378,-0.5108220063824063,-0.4225655921973826,0.6779086903501467
seqgru,gbm,8,18,7378,-2.3186103619586143,-0.5407852623142202,0.5956711041964486
seqgru,windowmlp,1,18,7378,-0.2888573889337491,-3.0326176012204127,0.007513137752657504
seqgru,windowmlp,2,18,7378,-0.8050191880462567,-2.6034805927791047,0.018546047161211887
seqgru,windowmlp,4,18,7378,-2.5735086288376636,-2.014661534006154,0.06003899936109775
seqgru,windowmlp,8,18,7378,-5.459755761919118,-1.5303452133112594,0.14432652414567565
